country,state,city,zip,address,complement,first_name,last_name,email
Czech Republic,,Strančice,251 63,International,8,Olva,Vane,ovane0@nytimes.com
China,,Xinyang,,Delladonna,6109,Erhart,Polendine,epolendine1@cnbc.com
Pakistan,,Dera Murād Jamāli,49090,Delaware,31,Ugo,Bruniges,ubruniges2@exblog.jp
Haiti,,Dondon,,Kings,15,Eadith,Bruyett,ebruyett3@1688.com
United States,Nevada,Carson City,89706,Roth,15606,Blake,Musto,bmusto4@theglobeandmail.com
Jamaica,,Montego Bay,,Dahle,113,Marla,Glassman,mglassman5@sfgate.com
Indonesia,,Cimenga,,South,454,Lynn,Emanuelli,lemanuelli6@wsj.com
Russia,,Pizhma,606930,Forest Dale,38510,Mikol,Adamski,madamski7@zimbio.com
Indonesia,,Ketangi,,Buell,628,Brendon,Josh,bjosh8@cafepress.com
Indonesia,,Tanagara,,Pepper Wood,46805,Essa,Wittleton,ewittleton9@army.mil
Philippines,,Fuerte,2703,Corscot,8,Randal,Fetherstonhaugh,rfetherstonhaugha@netlog.com
Myanmar,,Mawlamyinegyunn,,Homewood,7,Margarita,Copyn,mcopynb@telegraph.co.uk
Russia,,Novorozhdestvenskaya,186445,Bultman,507,Zia,Kleinplac,zkleinplacc@cyberchimps.com
Mongolia,,Uujim,,Pankratz,299,Carlye,Martusewicz,cmartusewiczd@discovery.com
Indonesia,,Cikaduen,,Memorial,1206,Holly,Oliffe,holiffee@ebay.co.uk
Peru,,Huaranchal,,Graedel,38201,Jehanna,Dodworth,jdodworthf@weebly.com
Pakistan,,Khairpur,67451,Eggendart,322,Ruprecht,Lacasa,rlacasag@youku.com
China,,Huanghua,,Hollow Ridge,283,Catina,Bartelet,cbarteleth@cyberchimps.com
Bhutan,,Mongar,,Springs,277,Forrest,Sawtell,fsawtelli@google.fr
France,Nord-Pas-de-Calais,Lille,59002 CEDEX,Hagan,31,Beauregard,Mapson,bmapsonj@npr.org
China,,Xinlong,,Carberry,076,Garner,Lindholm,glindholmk@hubpages.com
Morocco,,Aguelmous,,Blue Bill Park,3,Royal,Dougill,rdougilll@homestead.com
Peru,,Cuenca,,Eastwood,744,Nealy,Coetzee,ncoetzeem@yellowbook.com
United States,Missouri,Saint Louis,63104,Schlimgen,92,Augustine,Biaggi,abiaggin@newyorker.com
Japan,,Kawaguchi,999-5203,Schmedeman,638,Gerek,Brookwell,gbrookwello@nydailynews.com
China,,Yancheng,,Nancy,4,Jannelle,Mapes,jmapesp@bing.com
Portugal,Évora,Nossa Senhora de Machede,7005-676,Thackeray,39057,Mabel,Perview,mperviewq@etsy.com
China,,Xiachengzi,,Pierstorff,0,Elisha,Rattry,erattryr@ox.ac.uk
Venezuela,,San Diego,,Riverside,16741,Gayel,Billingham,gbillinghams@webs.com
Japan,,Shirahamachō-usazakiminami,672-8090,Burrows,162,Kingston,Lowndesbrough,klowndesbrought@omniture.com
Russia,,Yakovlevo,309288,Mcguire,7828,Dominique,Calltone,dcalltoneu@bbc.co.uk
Indonesia,,Sempol,,Kenwood,40405,Langston,Wane,lwanev@com.com
Portugal,Viseu,Igreja,5100-825,Cardinal,68,Lotta,Gluyas,lgluyasw@sciencedaily.com
Japan,,Neyagawa,573-1191,Kensington,76731,Shawnee,MacGillivrie,smacgillivriex@unblog.fr
Libya,,Brak,,Golden Leaf,1,Silvie,Barlee,sbarleey@youtube.com
Indonesia,,Jembe Timur,,Larry,6599,Alfreda,Sandland,asandlandz@homestead.com
Philippines,,Naawan,9023,Aberg,38,Tallulah,Winterbourne,twinterbourne10@cisco.com
Indonesia,,Awilega,,Kensington,1990,Daile,Traice,dtraice11@bloomberg.com
Djibouti,,Djibouti,,Pennsylvania,35027,Carly,Tinsey,ctinsey12@aol.com
Poland,,Bojadła,66-130,Northview,084,Ethel,Renvoys,erenvoys13@microsoft.com
China,,Shangcunba,,Rusk,55,Dee dee,Hearon,dhearon14@sitemeter.com
United States,Nevada,Reno,89519,Stone Corner,85,Sibyl,Figg,sfigg15@infoseek.co.jp
China,,Mintang,,Miller,90,Gayle,Beecham,gbeecham16@cbslocal.com
France,Centre,Bourges,18035 CEDEX,Bowman,4179,Honoria,Stephens,hstephens17@over-blog.com
China,,Bohou,,Linden,20,Hinze,Whitsey,hwhitsey18@51.la
China,,Huayuan,,Hollow Ridge,356,Dallis,Gravell,dgravell19@imageshack.us
Afghanistan,,Pāshmūl,,Clove,1242,Verge,Stollsteiner,vstollsteiner1a@ovh.net
Vietnam,,Lộc Bình,,Homewood,30,Obie,Juara,ojuara1b@spotify.com
Indonesia,,Jelat,,Dorton,5048,Kassey,Churchard,kchurchard1c@clickbank.net
China,,Nansheng,,Basil,26,Brnaby,Gilbride,bgilbride1d@eepurl.com
Kazakhstan,,Būlaevo,,Talmadge,26436,Erna,Eudall,eeudall1e@yahoo.com
Poland,,Olszanica,38-722,Ruskin,11754,Haleigh,Tommen,htommen1f@mtv.com
Philippines,,Nangka,1808,Gina,19125,Dave,Castle,dcastle1g@alexa.com
China,,Huaitu,,Mifflin,122,Debbie,Pentycost,dpentycost1h@mysql.com
Peru,,Pilcomay,,Algoma,3,Harlie,Pattingson,hpattingson1i@blogs.com
China,,Zhenqiao,,Shoshone,02,Bear,Spurret,bspurret1j@pagesperso-orange.fr
China,,Linxi,,Barby,86273,Mureil,MacLleese,mmaclleese1k@google.com.au
Thailand,,Chai Badan,15130,Monument,5,Edouard,Hoyes,ehoyes1l@google.ru
Poland,,Rawa Mazowiecka,96-201,Esker,62191,Selig,MacPherson,smacpherson1m@latimes.com
Indonesia,,Caringin,,Del Sol,23072,Lewie,Kybert,lkybert1n@altervista.org
Angola,,Cabinda,,Bunker Hill,58118,Ardith,Nickerson,anickerson1o@adobe.com
Madagascar,,Antalaha,,Heffernan,0535,Vic,Watkins,vwatkins1p@dropbox.com
Nepal,,Bīrganj,,Springs,2,Nolana,Gonin,ngonin1q@blogspot.com
China,,Dingqing,,Reindahl,34,Mayne,Joblin,mjoblin1r@nydailynews.com
Venezuela,,Umuquena,,Graceland,5002,Cosmo,Gother,cgother1s@cpanel.net
Mexico,Oaxaca,San Jose,69570,Monterey,32,Alayne,Jakubovski,ajakubovski1t@goo.ne.jp
Sweden,Västmanland,Västerås,721 57,Morrow,64015,Daveta,Isworth,disworth1u@wunderground.com
China,,Shidong,,Fisk,16550,Ashlen,Goor,agoor1v@bizjournals.com
Dominican Republic,,Mao,11508,Fairview,0612,Marlene,Anstice,manstice1w@bbc.co.uk
China,,Guanlu,,Dahle,12,Alford,Ruste,aruste1x@senate.gov
China,,Yangxipu,,Holmberg,16,Flossie,Dubery,fdubery1y@freewebs.com
South Korea,,Yeoju,,Eagle Crest,3,Andromache,Kopec,akopec1z@feedburner.com
Vietnam,,Haiphong,,Shopko,00277,Izabel,Paumier,ipaumier20@ted.com
Brazil,,Jacutinga,99730-000,Derek,8,Mahala,Briscam,mbriscam21@topsy.com
China,,Jingkou,,Dawn,5,Gradeigh,Longega,glongega22@homestead.com
Sweden,Västra Götaland,Götene,533 50,Stephen,88,Isidoro,Verny,iverny23@va.gov
Iran,,Gīvī,,Rutledge,2574,Derron,Orthmann,dorthmann24@google.fr
China,,Xibu,,Warner,2894,Amabelle,Moppett,amoppett25@ustream.tv
Uganda,,Kiboga,,Bluejay,56268,Bat,Plowright,bplowright26@pinterest.com
Montenegro,,Pljevlja,,Bashford,68,Zebedee,Banister,zbanister27@prlog.org
Brazil,,Tefé,69470-000,Delladonna,661,Frazer,Huegett,fhuegett28@miitbeian.gov.cn
Luxembourg,,Bridel,L-8165,Kedzie,9879,Ivett,Hum,ihum29@qq.com
France,Midi-Pyrénées,Albi,81017 CEDEX 9,Banding,820,Coreen,Sinnat,csinnat2a@bloglines.com
Canada,British Columbia,Okanagan,T0P,Artisan,51,Carroll,Hyndes,chyndes2b@amazon.co.jp
Indonesia,,Raas,,Portage,7,Amelie,Pavluk,apavluk2c@theatlantic.com
Peru,,Pallasca,,Independence,13842,Teodoor,Clendennen,tclendennen2d@blogger.com
Iran,,Bīleh Savār,,Kings,10028,Magda,Keher,mkeher2e@canalblog.com
Indonesia,,Pandean,,Mariners Cove,3,Gill,Rann,grann2f@bandcamp.com
China,,Xinying,,Kedzie,3767,Eduino,Jameson,ejameson2g@cdc.gov
Argentina,,Río Tercero,5850,Forest Run,6,Amabel,Bolderstone,abolderstone2h@gmpg.org
Japan,,Anan,779-1631,Burning Wood,782,Valentin,Hackett,vhackett2i@dell.com
Russia,,Novosmolinskiy,606084,Namekagon,01,Sophronia,Margery,smargery2j@gnu.org
Czech Republic,,Svatava,357 03,Scofield,6,Dinnie,O'Heneghan,doheneghan2k@usa.gov
Poland,,Trzciana,36-071,Elka,28697,Nial,Kelk,nkelk2l@nifty.com
Indonesia,,Noeltoko,,Kensington,97837,Deni,Klageman,dklageman2m@google.cn
China,,Haizigou,,Fremont,874,Mary,De Luna,mdeluna2n@boston.com
Guinea,,Dabola,,Express,56,Zabrina,Kleinhausen,zkleinhausen2o@alibaba.com
Greece,,Fteliá,,Schurz,3,Lelah,Holson,lholson2p@dyndns.org
Malaysia,Pahang,Kuantan,26040,Hayes,831,Breena,Sheron,bsheron2q@exblog.jp
Mexico,San Luis Potosi,San Francisco,78490,Fairfield,79484,Hagan,McFade,hmcfade2r@senate.gov
Ecuador,,El Ángel,,Carioca,21714,Hedi,Casella,hcasella2s@mysql.com
Slovenia,,Lokavec,5270,Stephen,4,Christalle,Haggie,chaggie2t@topsy.com
China,,Chunhua,,Loeprich,70,Larissa,Hurcombe,lhurcombe2u@livejournal.com
Russia,,Log,403060,Canary,10672,Farlay,Mattiuzzi,fmattiuzzi2v@tuttocitta.it
Uganda,,Wobulenzi,,Hoard,46,Adolpho,Chmarny,achmarny2w@163.com
China,,Jinjiang,,Scofield,531,Gerry,Oertzen,goertzen2x@moonfruit.com
Macedonia,,Beranci,7512,Twin Pines,5,Esme,MacCarrane,emaccarrane2y@icq.com
Finland,,Ristinummi,66999,Marquette,115,Winslow,Hinners,whinners2z@usnews.com
Colombia,,Pore,852058,Ramsey,11,Matilde,Quantrill,mquantrill30@unicef.org
Libya,,Az Zintān,,Lunder,17362,Sampson,Haswell,shaswell31@lycos.com
Mongolia,,Doloon,,Loftsgordon,50411,Raquela,Van de Vlies,rvandevlies32@yellowbook.com
Luxembourg,,Gœsdorf,L-9674,Roth,69576,Zena,Heeps,zheeps33@yolasite.com
Russia,,Ust’-Isha,659507,Farragut,3877,Farrel,Chyuerton,fchyuerton34@netvibes.com
Brazil,,Buritis,78967-800,Mosinee,4,Waylen,Spiaggia,wspiaggia35@engadget.com
Indonesia,,Tawangsari,,Dawn,6,Rhianna,Iles,riles36@amazon.com
Vietnam,,Thị Trấn Pác Miầu,,West,28,Guillermo,Jeannequin,gjeannequin37@bing.com
Argentina,,Alta Gracia,5186,Clemons,27,Loree,Roast,lroast38@histats.com
Mexico,Veracruz Llave,18 de Marzo,93294,Sunfield,644,Siegfried,Hardiman,shardiman39@microsoft.com
United States,New Jersey,Newark,07104,Forest Dale,77,Blake,Redhouse,bredhouse3a@pen.io
Portugal,Ilha da Madeira,Jardim da Serra,9325-124,Village Green,46,Dori,Giacopetti,dgiacopetti3b@booking.com
China,,Jianqiao,,Cambridge,10376,Jade,Phil,jphil3c@hc360.com
Philippines,,Pongol,8706,Anniversary,3,Cullen,Lafee,clafee3d@google.co.jp
United States,California,Santa Ana,92725,Prairieview,90664,Alanna,Munehay,amunehay3e@macromedia.com
Pakistan,,Jāmpur,33001,Messerschmidt,39607,Robers,Fawcitt,rfawcitt3f@europa.eu
Indonesia,,Geneng,,Steensland,94185,Merry,Kelsey,mkelsey3g@spiegel.de
Indonesia,,Magepanda,,Prairieview,739,Hermie,Grinin,hgrinin3h@oaic.gov.au
Poland,,Kobiernice,43-356,Little Fleur,22423,Borg,Jaycox,bjaycox3i@multiply.com
Russia,,Kantyshevo,386122,Jay,31839,Siward,Forbear,sforbear3j@sohu.com
Japan,,Makabe,901-0336,Killdeer,57659,Callida,Wordington,cwordington3k@barnesandnoble.com
China,,Yousheng,,Evergreen,2012,Farrell,Pieroni,fpieroni3l@seattletimes.com
Jamaica,,Lluidas Vale,,Corben,2293,Sibylle,Meysham,smeysham3m@sciencedaily.com
Philippines,,Digos,8006,Park Meadow,10,Norby,Deniset,ndeniset3n@surveymonkey.com
Indonesia,,Krajan,,Vidon,1,Jeanne,Abbison,jabbison3o@google.ru
Philippines,,Dicamay,6011,Memorial,5017,Forbes,Titheridge,ftitheridge3p@seattletimes.com
Colombia,,Bello,051059,Continental,00,Beltran,Goddard,bgoddard3q@uol.com.br
Croatia,,Peteranec,48321,Schmedeman,68909,Morgen,Gagg,mgagg3r@zdnet.com
Indonesia,,Tlogocilik,,Carey,9937,Tracie,Blades,tblades3s@usatoday.com
United States,District of Columbia,Washington,20078,Armistice,6807,Piper,Greensides,pgreensides3t@google.com.br
Greece,,Próti,,Tennyson,57,Bobbye,Patron,bpatron3u@yelp.com
Portugal,Porto,Astromil,4585-794,Graedel,87635,Rodrigo,Hessay,rhessay3v@unc.edu
Czech Republic,,Horní Čermná,561 56,Mayfield,839,Ambrosio,Flett,aflett3w@chron.com
China,,Qian’an,,Dunning,9,Jarrod,Klee,jklee3x@shinystat.com
Azerbaijan,,Mardakyany,,Ruskin,35,Linnet,Torrecilla,ltorrecilla3y@jugem.jp
Indonesia,,Maunggora,,Lukken,70688,Demetre,Alexander,dalexander3z@reddit.com
Indonesia,,Sarongan,,Helena,30043,Laird,Brandel,lbrandel40@spiegel.de
Russia,,Kharlu,186806,Grim,276,Gan,Scoyne,gscoyne41@ibm.com
Philippines,,Alabat,4333,Marcy,38990,Melvin,Folkerd,mfolkerd42@wordpress.com
Poland,,Ochojno,60-222,Norway Maple,43,Sibeal,Sainte Paul,ssaintepaul43@ow.ly
Malawi,,Mangochi,,Surrey,78222,Palm,Shawcross,pshawcross44@shareasale.com
Philippines,,Tabuating,1279,Sloan,09009,Roley,Bontein,rbontein45@usatoday.com
China,,Changgucheng,,Canary,19643,Ilse,Bubeer,ibubeer46@wsj.com
Tajikistan,,Khŭjand,,Annamark,717,Cate,Dudek,cdudek47@wikipedia.org
China,,Aoyang,,Valley Edge,84658,Jasun,Tease,jtease48@pen.io
Russia,,Nuradilovo,368030,Sherman,30,Vina,Champley,vchampley49@google.com.hk
Philippines,,Ilangay,1555,Derek,9685,Binky,Lind,blind4a@bigcartel.com
Ukraine,,Velyka Bahachka,,Troy,1441,Giacobo,Loughan,gloughan4b@google.fr
Philippines,,Panitian,5309,Derek,01850,Yuri,O' Driscoll,yodriscoll4c@dropbox.com
Poland,,Połomia,44-323,Center,0893,Darla,Forsdike,dforsdike4d@vk.com
Paraguay,,Bella Vista,,Killdeer,9783,Augie,McKelvie,amckelvie4e@odnoklassniki.ru
China,,Houping,,Rowland,4,Samuel,Jess,sjess4f@is.gd
Poland,,Kętrzyn,11-414,Fallview,6035,Phil,Neno,pneno4g@zimbio.com
Peru,,Anta,,Summerview,4,Carlin,Drysdall,cdrysdall4h@shutterfly.com
Peru,,Sinchao,,Darwin,1194,Kellsie,McGoon,kmcgoon4i@chronoengine.com
Greece,,Agía Varvára,,Daystar,951,Laurie,Felkin,lfelkin4j@discovery.com
Brazil,,São Bernardo do Campo,09700-000,Graedel,98480,Danyelle,Djordjevic,ddjordjevic4k@miitbeian.gov.cn
Czech Republic,,Bakov nad Jizerou,294 01,Everett,13,Gianna,Alner,galner4l@ustream.tv
France,Lorraine,Remiremont,88204 CEDEX,Loftsgordon,253,Berky,Cavalier,bcavalier4m@cbslocal.com
Sweden,Västernorrland,Sollefteå,881 52,Talisman,341,Win,Boler,wboler4n@youtu.be
China,,Nanzhao,,Eagan,5,Ronni,Fairall,rfairall4o@mapy.cz
Malawi,,Nsanje,,Buena Vista,982,Allyn,Goldstein,agoldstein4p@ucsd.edu
Thailand,,Roi Et,45000,Forest Run,27423,Britta,Culham,bculham4q@earthlink.net
France,Centre,Amboise,37404 CEDEX,Basil,42,Barnabas,Hiddersley,bhiddersley4r@phoca.cz
Brazil,,Nova Prata,95320-000,Morning,900,Cicely,O'Lennachain,colennachain4s@apache.org
China,,Youyang,,Portage,4475,Micaela,Rotte,mrotte4t@t.co
United Kingdom,England,Sutton,RH5,Schiller,92681,Stepha,Tuttle,stuttle4u@netlog.com
China,,Jieting,,Southridge,034,Chalmers,Lerner,clerner4v@mozilla.org
Croatia,,Baška Voda,21320,5th,0749,Dacey,Janosevic,djanosevic4w@deliciousdays.com
China,,Wulijie,,Scoville,572,Bartlett,Blewis,bblewis4x@hubpages.com
Czech Republic,,Kvasice,768 21,Milwaukee,084,Elfrida,Claw,eclaw4y@techcrunch.com
Burundi,,Buganda,,Westridge,49022,Jarib,Joffe,jjoffe4z@chronoengine.com
Brazil,,Bom Jesus da Lapa,47600-000,Welch,56871,Kim,Franckton,kfranckton50@noaa.gov
Nauru,,Anibare,,Eastwood,5,Shaine,Pilmore,spilmore51@cisco.com
Russia,,Murom,602257,Atwood,86,Harlin,Pixton,hpixton52@apache.org
Philippines,,Tungawan,7018,Myrtle,53,Shana,Postle,spostle53@t.co
Palestinian Territory,,Karney Shomron,,Swallow,82,Rockwell,Badcock,rbadcock54@gmpg.org
Egypt,,Toukh,,Fairview,85,Amye,Sanday,asanday55@uiuc.edu
Brazil,,Senhor do Bonfim,48970-000,Memorial,6958,Emmi,Rean,erean56@arstechnica.com
Mexico,Veracruz Llave,Manlio Fabio Altamirano,94970,Jay,7482,Lea,Churm,lchurm57@bluehost.com
Cameroon,,Bali,,International,5,Robbie,Fagan,rfagan58@bizjournals.com
United Kingdom,England,Ashley,SN13,Gerald,5174,Byrann,Beaumont,bbeaumont59@springer.com
Bosnia and Herzegovina,,Petkovci,,Haas,5,Luther,Dyneley,ldyneley5a@issuu.com
Slovenia,,Kranjska Gora,4280,Lyons,9,Sher,Colerick,scolerick5b@privacy.gov.au
France,Bretagne,Vannes,56902 CEDEX 9,Shoshone,472,Kippy,Ducaen,kducaen5c@cpanel.net
China,,Dajianchang,,Lukken,450,Sloan,Mackiewicz,smackiewicz5d@furl.net
China,,Yaxi,,Golf Course,0,Slade,Reap,sreap5e@indiatimes.com
Philippines,,Sison,8404,Holmberg,81234,Christina,Spohrmann,cspohrmann5f@discuz.net
Japan,,Matsue-shi,690-1115,Calypso,7036,Renae,Quinell,rquinell5g@shinystat.com
Kosovo,,Mitrovicë,,Gateway,10,Shawna,Timpany,stimpany5h@independent.co.uk
Philippines,,Cabiguan,1144,Pierstorff,007,Vance,Saffran,vsaffran5i@spotify.com
Nepal,,Bardiyā,,Haas,2,Nelle,Jannasch,njannasch5j@squarespace.com
Panama,,Tocumen,,Sullivan,888,Gilberte,Kesley,gkesley5k@webeden.co.uk
Indonesia,,Sriwing,,Lighthouse Bay,83565,Maisie,Stitle,mstitle5l@techcrunch.com
Russia,,Orël,303014,Coolidge,1,Zonnya,Cherrie,zcherrie5m@reuters.com
China,,Wuxi,,Eagle Crest,2449,Margeaux,Maeer,mmaeer5n@over-blog.com
China,,Ganlin,,Veith,3575,Shanda,Breagan,sbreagan5o@state.tx.us
Guyana,,Skeldon,,Coleman,53065,Jakie,Brainsby,jbrainsby5p@whitehouse.gov
Russia,,Shemursha,429174,Scott,8521,Barris,Stroton,bstroton5q@discovery.com
Brazil,,Vacaria,95200-000,Declaration,9657,Danny,McLuckie,dmcluckie5r@gnu.org
Argentina,,San Carlos de Bariloche,8400,Columbus,23946,Lowell,Lorente,llorente5s@abc.net.au
Philippines,,Rizal,7104,Toban,600,Cherish,Edmunds,cedmunds5t@360.cn
Czech Republic,,Písečná,790 82,Rusk,794,Jenny,Killough,jkillough5u@businesswire.com
Kazakhstan,,Zhosaly,,Cody,4531,Cynde,Ostler,costler5v@purevolume.com
Zambia,,Mwense,,Jackson,45,Tyne,Handrahan,thandrahan5w@mapy.cz
Russia,,Mikhaylov,391710,Fallview,26,Ranna,Beaston,rbeaston5x@ezinearticles.com
United States,Texas,Dallas,75287,Troy,17,Nadiya,Muzzi,nmuzzi5y@gizmodo.com
Ethiopia,,Finote Selam,,Ridgeview,57261,Amie,Collick,acollick5z@cocolog-nifty.com
Philippines,,Culubasa,2310,Darwin,553,Morganica,Uglow,muglow60@chicagotribune.com
Poland,,Pogórze,43-430,Pawling,873,Malina,Surgey,msurgey61@github.io
Croatia,,Posedarje,23242,Ronald Regan,645,Ginger,Bowmaker,gbowmaker62@hatena.ne.jp
Colombia,,Junín,251227,Victoria,22,Joanne,Gypson,jgypson63@nytimes.com
Indonesia,,Penanggungan,,Fordem,90572,Hali,Telega,htelega64@instagram.com
Brazil,,Itajaí,88300-000,Elgar,3688,Casper,McLorinan,cmclorinan65@home.pl
Luxembourg,,Wincrange,L-9780,Merchant,48220,Eustacia,Prate,eprate66@omniture.com
Peru,,Chosica,,Schurz,340,Jeanine,Jacmard,jjacmard67@nature.com
Argentina,,Cachí,4417,Merrick,4,Reinwald,Darlasson,rdarlasson68@ucsd.edu
Greece,,Sofádes,,Porter,3,Edee,Frenzl,efrenzl69@cbc.ca
Cuba,,Yaguajay,,Esch,3313,Adler,Cunnane,acunnane6a@reddit.com
France,Rhône-Alpes,Grenoble,38030 CEDEX 2,Autumn Leaf,45,Amandi,Dhillon,adhillon6b@umn.edu
Philippines,,Puro,5414,Monica,8,Roseanne,Laffin,rlaffin6c@google.it
Indonesia,,Tutem,,Judy,95,Timmie,Thundercliffe,tthundercliffe6d@g.co
Brazil,,Sirinhaém,55580-000,Pawling,11,Sibbie,Litt,slitt6e@pen.io
Indonesia,,Karangtengah,,Troy,2940,Addie,Breakspear,abreakspear6f@adobe.com
Ukraine,,Volodymyrets’,,Talmadge,6076,Dall,Eddow,deddow6g@bloglines.com
Portugal,Lisboa,São Pedro,2710-470,Laurel,9,Annie,McGirr,amcgirr6h@merriam-webster.com
Thailand,,Wachira Barami,45250,West,48921,Bald,Chidler,bchidler6i@weather.com
China,,Erdao,,Harbort,47,Bat,Pagram,bpagram6j@yolasite.com
Vietnam,,Minh Long,,Portage,39510,Jacques,Eade,jeade6k@msu.edu
South Africa,,Creighton,3263,Barby,40,Cherilyn,McNee,cmcnee6l@unblog.fr
China,,Lianjiangkou,,Sundown,09,Morgan,Gheeorghie,mgheeorghie6m@friendfeed.com
Brazil,,Indaial,89130-000,Shoshone,7450,Worthy,Mirralls,wmirralls6n@trellian.com
Indonesia,,Kertorejo,,Dunning,418,Drucill,Jakovijevic,djakovijevic6o@npr.org
South Korea,,Pubal,,Dryden,41905,Danella,Geall,dgeall6p@nps.gov
Ecuador,,Machala,,Stang,9786,Ferne,Rennie,frennie6q@mozilla.com
Peru,,Quince Mil,,Mesta,23,Catina,Baford,cbaford6r@who.int
Sweden,Östergötland,Mjölby,595 52,Bellgrove,0,Sollie,Blenkinsop,sblenkinsop6s@domainmarket.com
Czech Republic,,Rumburk,407 53,Lillian,77,Hannah,Sibthorp,hsibthorp6t@cafepress.com
Russia,,Yegorlykskaya,347664,Tony,4,Norean,Dasent,ndasent6u@shop-pro.jp
Russia,,Mikhaylovka,397641,Kim,7735,Darnall,Curd,dcurd6v@prnewswire.com
China,,Fatou,,Glacier Hill,423,Alano,Mayworth,amayworth6w@jiathis.com
China,,Simenqian,,Southridge,8,Archy,Klasen,aklasen6x@yolasite.com
Portugal,Porto,Vinha,4615-131,Northland,70,Alane,Arboine,aarboine6y@timesonline.co.uk
China,,Qihama,,Mccormick,88556,Ettore,Grieswood,egrieswood6z@mashable.com
China,,Yintang,,Anzinger,25785,Claude,Osmond,cosmond70@disqus.com
Indonesia,,Gilin,,Mallory,93,Henry,Tinman,htinman71@vk.com
Ethiopia,,Goba,,Graedel,7300,Fredi,Salvatore,fsalvatore72@ameblo.jp
Greece,,Koufália,,Michigan,0,Grantley,Elton,gelton73@columbia.edu
China,,Huangling,,Lakewood,61,Adel,Burnie,aburnie74@hud.gov
Portugal,Porto,Fojo,4650-071,Helena,41904,Jerrold,Morby,jmorby75@parallels.com
Israel,,Kefar Yona,,Butterfield,3,Lenka,Gulliman,lgulliman76@ihg.com
China,,Lingkou,,Division,88392,Elia,Guyon,eguyon77@unc.edu
China,,Liuche,,Lawn,38,Christophe,Gilberthorpe,cgilberthorpe78@blogger.com
Denmark,Region Hovedstaden,København,1058,Nancy,5,Garrot,Piccop,gpiccop79@vkontakte.ru
Mali,,Ké-Macina,,Melvin,2,Godart,Twiggs,gtwiggs7a@about.me
China,,Zhongguanyi,,Mallory,45107,Ambrose,McJerrow,amcjerrow7b@java.com
Botswana,,Gaborone,,Lunder,1827,Edyth,Murname,emurname7c@berkeley.edu
Myanmar,,Nay Pyi Taw,,Village,97358,Betta,Muffitt,bmuffitt7d@example.com
Norway,Oslo,Oslo,0571,Northland,2966,Dorotea,Olenin,dolenin7e@mapy.cz
Brazil,,Arraial do Cabo,28930-000,Moose,0,Mellicent,Caulcott,mcaulcott7f@japanpost.jp
Portugal,Guarda,Horta,5155-305,Merchant,5773,Karyl,Bridges,kbridges7g@dedecms.com
Philippines,,Lapu-Lapu City,6015,Lawn,092,Dania,Bountiff,dbountiff7h@cargocollective.com
Ukraine,,Shevchenkove,,Oxford,217,Kailey,Jobe,kjobe7i@mayoclinic.com
Vietnam,,Quận Sáu,,Farmco,83242,Alene,Gerhartz,agerhartz7j@1und1.de
Slovakia,,Bratislava,841 08,Harper,11850,Elizabet,Freegard,efreegard7k@unicef.org
Indonesia,,Wolometang,,Claremont,63,Mill,Polk,mpolk7l@businessweek.com
Indonesia,,Ciawi,,Daystar,28405,Otis,Pering,opering7m@printfriendly.com
Sweden,Stockholm,Täby,187 14,Dovetail,834,Alexander,Kelk,akelk7n@patch.com
Canada,Ontario,Midland,L4R,Lakewood Gardens,07,Benjy,Hutchence,bhutchence7o@soup.io
Mongolia,,Sujji,,Judy,91,Wood,Daintrey,wdaintrey7p@ebay.co.uk
China,,Aba,,Dennis,9201,Raymund,Payton,rpayton7q@clickbank.net
Portugal,Lisboa,Abóboda,2785-019,Springs,714,Aimil,Dowty,adowty7r@fc2.com
Indonesia,,Krajanbonjor,,Coolidge,304,Karla,Elles,kelles7s@shinystat.com
China,,Tuanchengshan,,Holmberg,69,Feliks,Linne,flinne7t@github.io
Canada,Ontario,Camlachie,G5Z,Ruskin,65,Rockwell,Heinssen,rheinssen7u@wired.com
Russia,,Mendeleyevskiy,301070,Dunning,55,Roselin,Finlan,rfinlan7v@jimdo.com
China,,Jianxin,,Magdeline,70,Tammy,Chesshyre,tchesshyre7w@businessweek.com
China,,Longsheng,,Saint Paul,465,Adriano,Mc Carrick,amccarrick7x@topsy.com
Bolivia,,Coroico,,Maywood,5,Engracia,Glison,eglison7y@admin.ch
Indonesia,,Balakasap,,Tennyson,3,Tabina,Laborda,tlaborda7z@weibo.com
Indonesia,,Kedungreja,,Hollow Ridge,12,Orland,Pyner,opyner80@vinaora.com
China,,Leicheng,,Hayes,63,Charissa,Evanson,cevanson81@cnet.com
Cambodia,,Sisŏphŏn,,Mayfield,405,Vinnie,Rubbens,vrubbens82@smh.com.au
China,,Dawu,,South,85,Maximilien,Yakobowitz,myakobowitz83@amazonaws.com
Indonesia,,Rancaranji,,Pierstorff,82186,Pamela,Casajuana,pcasajuana84@hugedomains.com
Greece,,Eláteia,,Thackeray,38,Cathie,Furneaux,cfurneaux85@discuz.net
United States,Tennessee,Memphis,38126,Maywood,99338,Lilias,Febry,lfebry86@blogs.com
China,,Bukui,,Sutteridge,6,Weber,Rizzardini,wrizzardini87@google.it
Canada,New Brunswick,Nackawic,E6G,Sugar,67007,Maurise,McCritichie,mmccritichie88@reddit.com
Indonesia,,Sumberjati,,Autumn Leaf,121,Cassondra,Bloxholm,cbloxholm89@washingtonpost.com
Faroe Islands,,Vestmanna,355,Cardinal,18232,Rand,Underwood,runderwood8a@xrea.com
Burundi,,Rutana,,Carpenter,33590,Harri,Kobierra,hkobierra8b@discovery.com
South Korea,,Hwaseong-si,,Granby,7,Chaddy,Seals,cseals8c@gmpg.org
Portugal,Braga,Vila Nova,4710-627,Elmside,260,Nicolina,McGaraghan,nmcgaraghan8d@washington.edu
China,,Lirang,,Hoffman,28300,Ethel,Vickerman,evickerman8e@bluehost.com
Indonesia,,Rajapeni,,Dovetail,4,Joceline,Trulock,jtrulock8f@hatena.ne.jp
China,,Zhongxin,,Emmet,0,Brose,Baroux,bbaroux8g@youtube.com
Armenia,,Malishka,,Stang,48,Lisha,Crossfield,lcrossfield8h@github.com
Czech Republic,,Hrob,417 04,Merchant,1,Nicolas,Fend,nfend8i@ucla.edu
China,,Xiagang,,Mallory,1566,Darci,Tookey,dtookey8j@icio.us
France,Basse-Normandie,Deauville,14804 CEDEX,Hollow Ridge,0,Eudora,Izakof,eizakof8k@ning.com
United States,Minnesota,Young America,55573,Cherokee,2014,Tove,Treherne,ttreherne8l@bbc.co.uk
Indonesia,,Kedungbanteng Krajan,,Springs,25040,Bentley,Extall,bextall8m@altervista.org
Finland,,Karvia,39930,Anzinger,334,Rivalee,Porritt,rporritt8n@unicef.org
Ethiopia,,Debre Mark’os,,Bay,967,Ambur,Niemetz,aniemetz8o@walmart.com
France,Provence-Alpes-Côte d'Azur,Toulon,83060 CEDEX,Fremont,16,Brooks,Conroy,bconroy8p@opensource.org
Czech Republic,,Nový Knín,262 03,Evergreen,810,Sayers,Ottey,sottey8q@xinhuanet.com
Burkina Faso,,Diapaga,,Mariners Cove,8899,Tymon,Cleare,tcleare8r@smh.com.au
United States,Ohio,Columbus,43220,Vermont,36,Mariana,Mowne,mmowne8s@shinystat.com
Philippines,,Santo Domingo,4508,Merrick,213,Rorie,Collelton,rcollelton8t@ustream.tv
China,,Tangga’an,,Anzinger,64315,Ludwig,Glendenning,lglendenning8u@admin.ch
Venezuela,,San Fernando de Atabapo,,Schiller,31,Pedro,Chaffin,pchaffin8v@google.nl
United States,Nevada,Las Vegas,89135,Oxford,304,Becky,Leber,bleber8w@hhs.gov
Brazil,,Porteirinha,39520-000,Cambridge,62591,Sandie,Calendar,scalendar8x@cdc.gov
Spain,Galicia,Santiago De Compostela,15705,South,704,Kitti,Bonds,kbonds8y@yellowpages.com
Poland,,Łobodno,42-125,Service,75,Lydon,Josselsohn,ljosselsohn8z@domainmarket.com
Czech Republic,,Stráž,430 01,Kipling,0480,Lucie,Gagin,lgagin90@cafepress.com
Russia,,Krapivna,301233,Little Fleur,48,Elisha,Halladay,ehalladay91@ox.ac.uk
China,,Henghe,,New Castle,8046,Neils,Foskett,nfoskett92@howstuffworks.com
China,,Pinglumiao,,Dapin,7,Jillane,Glasper,jglasper93@timesonline.co.uk
Indonesia,,Cikarang,,Arrowood,45,Barbabra,Popplewell,bpopplewell94@unesco.org
Brazil,,Bandeirantes,86360-000,Clyde Gallagher,68,Remy,Swindell,rswindell95@twitter.com
Indonesia,,Karangbayat,,Cambridge,249,Kevan,Cruess,kcruess96@skype.com
China,,Huangjindong,,Thompson,91,Clerc,Bavidge,cbavidge97@elpais.com
China,,Longshi,,Farwell,3,Constancia,Bendtsen,cbendtsen98@discovery.com
France,Aquitaine,Villeneuve-sur-Lot,47304 CEDEX,Summer Ridge,0,Vevay,Gunbie,vgunbie99@ed.gov
Sweden,Stockholm,Bandhagen,124 54,Dayton,95526,Aubrey,Ramel,aramel9a@usda.gov
Poland,,Olszanica,38-722,Brickson Park,86072,Terza,Althorp,talthorp9b@globo.com
Mexico,Jalisco,La Huerta,48850,3rd,008,Tommy,Fenck,tfenck9c@soup.io
Indonesia,,Warungbuah,,Lyons,4,Miriam,Handyside,mhandyside9d@bloglines.com
China,,Wuma,,Stone Corner,5,Dahlia,Astlatt,dastlatt9e@lulu.com
United States,Arizona,Peoria,85383,Logan,332,Ivory,Myrie,imyrie9f@chronoengine.com
Greece,,Nigríta,,Kings,26,Korry,Nutting,knutting9g@sciencedirect.com
Uganda,,Kyankwanzi,,Cottonwood,9,Jaime,Carnock,jcarnock9h@woothemes.com
China,,Baita,,La Follette,98590,Kassey,Button,kbutton9i@skype.com
China,,Sanzao,,Chive,4,Lyndell,Vogelein,lvogelein9j@sciencedaily.com
Philippines,,Mancilang,1219,David,75,Caron,Lambregts,clambregts9k@simplemachines.org
China,,Caqu,,Forest Dale,069,Hamlin,Mation,hmation9l@cisco.com
Philippines,,Balading,4005,Anniversary,1,Dru,Wetherhead,dwetherhead9m@businessweek.com
Greece,,Ágios Geórgios,,Monument,2,Aurea,Rowesby,arowesby9n@microsoft.com
Mexico,Durango,Ejidal,35069,Luster,5469,Elisabeth,Farney,efarney9o@vkontakte.ru
Indonesia,,Secang Barat,,Karstens,0146,Courtney,Cuthill,ccuthill9p@plala.or.jp
Nigeria,,Ozubulu,,Canary,3,Tisha,Staley,tstaley9q@yolasite.com
Indonesia,,Cidima,,Chive,4113,Gregoire,Orht,gorht9r@hao123.com
Canada,Ontario,Barrie,L9J,Ridgeview,8,Michaella,Mulholland,mmulholland9s@pinterest.com
South Africa,,Mthatha,5127,Armistice,031,Kane,Daglish,kdaglish9t@zimbio.com
Czech Republic,,Žulová,790 65,Declaration,67680,Hedwig,Braunroth,hbraunroth9u@xing.com
Indonesia,,Gelatik,,Dexter,73,Gabrila,Hancell,ghancell9v@ebay.com
Vietnam,,Phủ Thông,,Service,314,Delcina,Sydney,dsydney9w@dell.com
South Korea,,Yangju,,Scofield,396,Georgena,Levison,glevison9x@hostgator.com
Philippines,,Buldon,9615,Bashford,381,Fergus,Willmore,fwillmore9y@eepurl.com
Poland,,Strzelce,99-307,Stuart,75093,Nicol,Bellon,nbellon9z@cyberchimps.com
Brazil,,Goiás,76600-000,Namekagon,1,Aggi,Lorden,alordena0@jigsy.com
China,,Yucun,,Nevada,88755,Harrietta,Bosenworth,hbosenwortha1@si.edu
Palestinian Territory,,Al Karmil,,Larry,46271,Rosalinda,Blaber,rblabera2@sina.com.cn
Brazil,,Palmital,19970-000,Banding,5219,Hildegaard,Troake,htroakea3@mapquest.com
Saint Vincent and the Grenadines,,Chateaubelair,,Eastwood,84922,Cullie,Kmiec,ckmieca4@gravatar.com
Colombia,,Quibdó,270009,Corben,60,Koren,Bullene,kbullenea5@nhs.uk
Russia,,Votkinsk,427439,Bluejay,4988,Aaron,Habbema,ahabbemaa6@wunderground.com
Peru,,Accha,,Montana,2,Bevan,Hannaby,bhannabya7@comcast.net
Spain,Castilla - Leon,Zamora,49008,Petterle,507,Gothart,Samber,gsambera8@marriott.com
Brazil,,Biritiba Mirim,08940-000,Bunting,58,Dun,Siviter,dsivitera9@tumblr.com
Lesotho,,Butha-Buthe,,Mallory,46502,Antone,Hearthfield,ahearthfieldaa@europa.eu
Slovenia,,Ravne,3504,Monterey,1603,Roberto,Tofpik,rtofpikab@wikimedia.org
China,,Baikouquan,,Dixon,7927,Brook,Ozanne,bozanneac@noaa.gov
Indonesia,,Cibungur,,Shopko,74,Nance,Crasford,ncrasfordad@devhub.com
Iran,,Langarūd,,Cherokee,586,Latia,Oxbrow,loxbrowae@slideshare.net
North Korea,,Pyongyang,,Anhalt,4305,Norton,Moisey,nmoiseyaf@homestead.com
Portugal,Viana do Castelo,Viana do Castelo,4900-005,Spohn,601,Rubie,Parmiter,rparmiterag@mozilla.com
China,,Xiaolongmen,,6th,4414,Cordula,Poetz,cpoetzah@w3.org
Brazil,,Campo Verde,78840-000,Schlimgen,10,Sela,Pitrelli,spitrelliai@jalbum.net
Portugal,Beja,Vila Nova de Milfontes,7645-215,Logan,660,Nicol,Jansa,njansaaj@mediafire.com
China,,Lijiang,,Buhler,76855,Gay,Rudsdale,grudsdaleak@earthlink.net
Slovenia,,Bakovci,9241,Mcbride,65,Teddie,Gainsburgh,tgainsburghal@constantcontact.com
China,,Wuhu,,Helena,1941,Leandra,Kinnerley,lkinnerleyam@wix.com
Peru,,Huamali,,Burrows,43,Eward,Ridsdell,eridsdellan@nsw.gov.au
Pakistan,,Khānewāl,58181,Buena Vista,30,Marleen,Coonihan,mcoonihanao@drupal.org
Russia,,Ovsyanka,216282,Melby,410,Martino,Laister,mlaisterap@google.co.jp
Peru,,Viñac,,Holmberg,596,Yuri,Gowthrop,ygowthropaq@theatlantic.com
China,,Shuiji,,3rd,13,Ron,Mallia,rmalliaar@eventbrite.com
Canada,Newfoundland and Labrador,Harbour Breton,M4N,Montana,8337,Yasmin,Spratling,yspratlingas@hexun.com
Indonesia,,Sembakung,,Lighthouse Bay,87337,Sharron,Conklin,sconklinat@scribd.com
Serbia,,Topola,,Anderson,89576,Darci,Scargill,dscargillau@netlog.com
China,,Hongjiang,,Thierer,10,Lizette,Bridgewood,lbridgewoodav@omniture.com
China,,Haoyi,,Homewood,5,Lyndsay,Kender,lkenderaw@goodreads.com
Brazil,,Monte Aprazível,15150-000,Cambridge,5,Jaquenetta,Scaife,jscaifeax@ebay.co.uk
Cuba,,Los Palacios,,Daystar,8,Fidelio,Tucker,ftuckeray@wordpress.org
Israel,,Bene 'Ayish,,Heffernan,72,Collin,Bayman,cbaymanaz@harvard.edu
Portugal,Viseu,Aviúges,3505-130,Pleasure,86,Rooney,Feldberger,rfeldbergerb0@prlog.org
France,Basse-Normandie,Caen,14922 CEDEX 9,Annamark,6699,Haley,Sexti,hsextib1@prnewswire.com
Philippines,,San Julian,6814,Messerschmidt,780,Laurella,Wayon,lwayonb2@europa.eu
China,,Yanmenguan,,Delaware,80,Doralynn,Maffi,dmaffib3@stumbleupon.com
China,,Shuidun,,Texas,1,Barthel,Pareman,bparemanb4@gnu.org
Japan,,Takahata,992-0351,Darwin,43260,Lilli,Crichton,lcrichtonb5@hibu.com
Paraguay,,Repatriación,,Brickson Park,9,Eryn,Corbridge,ecorbridgeb6@admin.ch
Indonesia,,Ngrejo,,Myrtle,2,Janaya,Statefield,jstatefieldb7@kickstarter.com
Indonesia,,Leuwayang,,Walton,2243,Broderick,O'Shea,bosheab8@abc.net.au
Argentina,,Chorotis,3733,Duke,40014,Duncan,Livingstone,dlivingstoneb9@slideshare.net
China,,Bailu,,Acker,1,Niles,Deerness,ndeernessba@nih.gov
Canada,Nova Scotia,Wolfville,B4P,Sutteridge,5,Rooney,Whyffen,rwhyffenbb@blogspot.com
Tajikistan,,Dushanbe,,High Crossing,2,Aloin,Cleall,acleallbc@oracle.com
Japan,,Nishinoomote,891-3101,Grover,75197,Fabiano,MacEvilly,fmacevillybd@feedburner.com
Sweden,Stockholm,Tyresö,135 55,Stone Corner,2,Templeton,Cale,tcalebe@nymag.com
Portugal,Aveiro,Cruzeiro,3700-364,Southridge,54696,Hollyanne,Howsan,hhowsanbf@loc.gov
Canada,Ontario,Arnprior,K7S,Mitchell,06835,Bianka,Juden,bjudenbg@yelp.com
Slovenia,,Šalovci,9204,Eliot,4,Abbe,Leith,aleithbh@alibaba.com
Portugal,Viana do Castelo,Cachadinha,4990-690,Lyons,05,Kahaleel,Hasely,khaselybi@shutterfly.com
Norway,Ostfold,Halden,1768,Mosinee,5434,Anjela,Steadman,asteadmanbj@ucoz.com
China,,Xin’e,,Barby,767,Hendrik,Luxford,hluxfordbk@cloudflare.com
Czech Republic,,Kájov,382 21,Pepper Wood,1784,Reynolds,Jodrelle,rjodrellebl@paginegialle.it
France,Alsace,Guebwiller,68504 CEDEX,Aberg,779,Fayre,Bazoche,fbazochebm@sakura.ne.jp
Russia,,Ulety,674050,Starling,9162,Othello,Brinkley,obrinkleybn@nasa.gov
China,,Kangxung,,Anhalt,8,Hobie,Boggers,hboggersbo@ibm.com
China,,Hengdong Chengguanzhen,,Southridge,26822,Sidonnie,McCuis,smccuisbp@freewebs.com
Indonesia,,Besuki Dua,,Warbler,27288,Levi,Readwin,lreadwinbq@bravesites.com
Serbia,,Bor,,Clemons,70168,Xaviera,Milthorpe,xmilthorpebr@godaddy.com
Iran,,Dogonbadan,,Killdeer,16,Martina,Mahaffey,mmahaffeybs@exblog.jp
Indonesia,,Rungkam,,Ramsey,2,Florette,Korous,fkorousbt@istockphoto.com
Russia,,Voznesenskoye,607340,Lindbergh,5879,Iorgos,Kloska,ikloskabu@nymag.com
Macedonia,,Negotino,1440,Elka,9,Zsazsa,Elintune,zelintunebv@odnoklassniki.ru
United States,California,Stockton,95210,Kennedy,8255,Gene,Worrell,gworrellbw@geocities.com
Philippines,,Paluan,5107,Green Ridge,457,Westleigh,Sergeant,wsergeantbx@purevolume.com
China,,Zhuyu,,Fairview,8,Isidro,Pell,ipellby@t-online.de
China,,Lianrao,,Porter,1,Rad,Budik,rbudikbz@ocn.ne.jp
Indonesia,,Karangintan,,Mccormick,6191,Minta,Stebbins,mstebbinsc0@amazon.de
China,,Zhongtai,,Pennsylvania,3,Nikkie,Shillabeer,nshillabeerc1@youku.com
Czech Republic,,Větřní,382 11,Northport,243,Lynea,Pyffe,lpyffec2@sfgate.com
Poland,,Krynice,22-610,Wayridge,2292,Corabelle,Whichelow,cwhichelowc3@cbc.ca
Indonesia,,Waihibar,,Fuller,5,Lyndy,Ockwell,lockwellc4@mit.edu
Indonesia,,Wailebe,,Scofield,8,Hetty,MacDowal,hmacdowalc5@forbes.com
Japan,,Sakaiminato,690-1315,Lukken,08,Heath,Bulbrook,hbulbrookc6@mozilla.org
Malaysia,Selangor,Shah Alam,40612,Sloan,408,Christen,Iacabucci,ciacabuccic7@seesaa.net
Russia,,Boguchar,396779,Linden,3923,Fayina,Seifenmacher,fseifenmacherc8@unicef.org
Japan,,Amagasaki,663-8247,Butternut,37,Rafaello,Needs,rneedsc9@cmu.edu
South Africa,,Aliwal North,9754,Florence,61041,Adan,Scutter,ascutterca@yellowbook.com
China,,Aotou,,Graceland,7982,Meredithe,McClarence,mmcclarencecb@networksolutions.com
Sweden,Stockholm,Solna,171 14,Crest Line,963,Konrad,Ife,kifecc@reddit.com
Greece,,Palaiochóri,,West,8090,Aloin,Drinkwater,adrinkwatercd@columbia.edu
Reunion,Réunion,Saint-Pierre,97453 CEDEX,Dorton,206,Renate,Sheircliffe,rsheircliffece@telegraph.co.uk
Kazakhstan,,Ordzhonikidze,,Red Cloud,15265,Dallas,Evennett,devennettcf@xing.com
Philippines,,Busuanga,5317,Utah,2,Dorothee,Scarlet,dscarletcg@jugem.jp
Indonesia,,Sukamaju,,Banding,854,Xenos,Hetterich,xhetterichch@posterous.com
Russia,,Ternovka,397229,3rd,1,Quintilla,Mousley,qmousleyci@1688.com
Poland,,Michałowo,16-050,Butternut,2,Brody,Imesen,bimesencj@hugedomains.com
Sweden,Västra Götaland,Torslanda,423 55,Johnson,37704,Winny,McGeechan,wmcgeechanck@symantec.com
Indonesia,,Sukadana,,Roxbury,7,Teriann,Filyakov,tfilyakovcl@prnewswire.com
Poland,,Skrzyszów,44-348,Hazelcrest,736,Chloe,Jagger,cjaggercm@spotify.com
Sweden,Västra Götaland,Partille,433 84,Burrows,710,Astrid,Tett,atettcn@samsung.com
Sweden,Jönköping,Habo,566 24,Pankratz,44625,Ethyl,Coling,ecolingco@sciencedaily.com
China,,Yuyao,,Dixon,3106,Sunny,Tregona,stregonacp@printfriendly.com
China,,Nanzhai,,Crownhardt,52630,Johnathan,Ife,jifecq@independent.co.uk
Russia,,Yessentuki,357637,Holy Cross,823,Solomon,Pengelly,spengellycr@yellowpages.com
Albania,,Arras,,Comanche,200,Jeffrey,Beadell,jbeadellcs@aol.com
China,,Chongxing,,Straubel,8,Adham,Sumpner,asumpnerct@tamu.edu
Brazil,,Queimados,26300-000,Center,0,Gilburt,Holehouse,gholehousecu@sun.com
Brazil,,Extremoz,59575-000,Miller,7,Terza,Pauley,tpauleycv@etsy.com
United States,Virginia,Virginia Beach,23454,Gina,205,Rudolph,Gerckens,rgerckenscw@list-manage.com
Ukraine,,Vyshhorod,,Redwing,02607,Cleon,Vasentsov,cvasentsovcx@xing.com
Czech Republic,,Veltruby,280 02,Mallory,191,Marci,Lyford,mlyfordcy@reuters.com
Poland,,Skomielna Czarna,32-437,Heffernan,4221,Carney,Yakebovich,cyakebovichcz@cafepress.com
Czech Republic,,Přibyslav,549 01,Schurz,1802,Tildi,Seares,tsearesd0@dyndns.org
Albania,,Udënisht,,Onsgard,774,Urbanus,Copland,ucoplandd1@ca.gov
Puerto Rico,Pr,Guaynabo,00971,North,8773,Conny,Shevels,cshevelsd2@cornell.edu
Guinea,,Fria,,Buena Vista,81372,Kevina,Minchinden,kminchindend3@simplemachines.org
China,,Gaizhou,,Namekagon,9,Orton,Bettam,obettamd4@php.net
Indonesia,,Pondokwungu,,Tomscot,047,Aveline,Thorsen,athorsend5@ihg.com
China,,Jiutai,,South,293,Chad,Iacovino,ciacovinod6@princeton.edu
Spain,Andalucia,Malaga,29015,Alpine,95,Carlen,Eke,ceked7@cargocollective.com
China,,Efeng,,Trailsway,08,Prentiss,Firman,pfirmand8@arizona.edu
Canada,Ontario,Hearst,S4A,Shoshone,249,Olva,Lasty,olastyd9@ovh.net
China,,Jishu,,Anzinger,5747,Rex,Murrish,rmurrishda@usnews.com
Brazil,,Itaperuna,28300-000,Mcguire,803,Bengt,Ruseworth,bruseworthdb@home.pl
China,,Yangjian,,Myrtle,45,Jed,Prendergrass,jprendergrassdc@goo.gl
Nigeria,,Badagry,,Warrior,3967,Dasha,Warters,dwartersdd@google.com.au
Poland,,Osieck,08-445,Killdeer,8172,Tove,Cawston,tcawstonde@psu.edu
United Kingdom,England,Stapleford,LN6,Oak Valley,5475,Sherrie,Muir,smuirdf@com.com
Netherlands,Provincie Zuid-Holland,Delft,2614,Golden Leaf,34704,Jefferson,Yurkiewicz,jyurkiewiczdg@theatlantic.com
Curacao,,Willemstad,,Nancy,457,Jessamine,Rockhall,jrockhalldh@nps.gov
China,,Yanglin,,Lillian,72,Far,Sangwine,fsangwinedi@naver.com
Brazil,,Jaraguá,76330-000,Hoard,48671,Carmine,Dericot,cdericotdj@freewebs.com
Thailand,,Samut Sakhon,74000,La Follette,48,Albert,Kerwen,akerwendk@yolasite.com
Ireland,,Belmullet,H65,Southridge,50,Tabbitha,Dary,tdarydl@freewebs.com
Poland,,Ludwin,21-075,Huxley,5467,Kerwin,Thurstan,kthurstandm@japanpost.jp
Poland,,Janowiec,24-123,Dawn,01,Red,Giacomucci,rgiacomuccidn@is.gd
Norway,Vest-Agder,Kristiansand S,4671,Coleman,863,Delia,Benny,dbennydo@youtube.com
Thailand,,Khlung,22110,Vidon,42580,Dominik,Clarke,dclarkedp@imageshack.us
Philippines,,Pinamalayan,5208,Scott,39020,Darb,Ruzicka,druzickadq@technorati.com
China,,Huamu,,Susan,4406,Man,McCalum,mmccalumdr@list-manage.com
China,,Zhonghuopu,,Holmberg,6485,Juan,Banane,jbananeds@spotify.com
Sweden,Stockholm,Täby,183 30,Village Green,48,Rianon,Brugsma,rbrugsmadt@miitbeian.gov.cn
China,,Choujiang,,Sauthoff,833,Boote,Henrys,bhenrysdu@virginia.edu
Israel,,Pardesiyya,,Messerschmidt,51,Candide,Wapples,cwapplesdv@chron.com
Uruguay,,Soca,,Kropf,98,Krystyna,Leefe,kleefedw@bigcartel.com
Albania,,Xarrë,,Knutson,611,Issi,Rissom,irissomdx@ted.com
China,,Shibajiazi,,Cascade,4,Dallas,McPike,dmcpikedy@kickstarter.com
China,,Xinjiang,,Burning Wood,6,Micky,Surgeoner,msurgeonerdz@archive.org
Mexico,Veracruz Llave,Azteca,93270,Roxbury,0976,Fawn,Hallet,fhallete0@va.gov
Chile,,Panguipulli,,Rusk,6,Charleen,Hodjetts,chodjettse1@nymag.com
Nigeria,,Funtua,,Aberg,9552,See,Churchard,schurcharde2@about.me
Ukraine,,Balky,,Chinook,6,Gerrie,Macconachy,gmacconachye3@spiegel.de
Russia,,Zhirnovsk,403793,Hoffman,18,Chloris,Kellick,ckellicke4@globo.com
Serbia,,Bujanovac,,School,2327,Carver,Tompkins,ctompkinse5@nifty.com
China,,Xijiao,,Waywood,470,Lilas,Vass,lvasse6@stumbleupon.com
Poland,,Góra,56-200,Stephen,73,Sharleen,Farries,sfarriese7@patch.com
China,,Zhangdian,,Laurel,62,Rene,Crayton,rcraytone8@barnesandnoble.com
China,,Jingning Chengguanzhen,,Anderson,1,George,Beadel,gbeadele9@salon.com
China,,Wuqishan,,Merry,65,Niel,Soot,nsootea@soundcloud.com
Japan,,Kasukabe,344-0061,Atwood,3,Alphonse,Grestie,agrestieeb@phoca.cz
China,,Gurinai,,Farragut,036,Charlton,Elson,celsonec@webeden.co.uk
China,,Fucun,,Darwin,3798,Peta,Forsyth,pforsythed@miitbeian.gov.cn
South Africa,,White River,1256,Bartelt,73610,Humberto,Wennington,hwenningtonee@multiply.com
Iran,,Kalāleh,,Calypso,81,Clemmy,Traice,ctraiceef@gmpg.org
Argentina,,Mattaldi,6271,Talmadge,99245,Ruthi,Peabody,rpeabodyeg@ucoz.ru
South Sudan,,Malakal,,Hermina,8030,Jaime,Whitaker,jwhitakereh@foxnews.com
Indonesia,,Lodan Wetan,,Mallard,7415,Broderick,Cogdon,bcogdonei@quantcast.com
Peru,,Totoral,,North,3,Chlo,Millea,cmilleaej@archive.org
France,Basse-Normandie,Avranches,50309 CEDEX,Ilene,98913,Lannie,Hellens,lhellensek@people.com.cn
Peru,,Pirca,,Talmadge,1267,Caron,Huffey,chuffeyel@vistaprint.com
Sweden,Örebro,Örebro,701 43,Heffernan,8506,Auberta,Wanek,awanekem@cafepress.com
China,,Beigou,,Darwin,97012,Aubrey,Playden,aplaydenen@mlb.com
Philippines,,Ilihan,6217,Spaight,799,Harvey,Oiseau,hoiseaueo@google.com
China,,Jindu,,Hanson,86,Kelly,Snodden,ksnoddenep@jimdo.com
China,,Ludu,,Schurz,25,Margo,Grzelczyk,mgrzelczykeq@home.pl
China,,Beibei,,Maywood,2494,Noellyn,Sambidge,nsambidgeer@disqus.com
France,Provence-Alpes-Côte d'Azur,La Seyne-sur-Mer,83514 CEDEX,Thierer,54699,Kyle,Jennery,kjenneryes@meetup.com
Vietnam,,Sơn Tịnh,,Del Mar,5188,Sauveur,Gavagan,sgavaganet@youku.com
Nigeria,,Samamiya,,Hoard,99915,Ermengarde,Vasilic,evasiliceu@parallels.com
Jordan,,Kafr Sawm,,Clove,8019,Kellen,Stove,kstoveev@hibu.com
Russia,,Severo-Yeniseyskiy,192289,Butternut,6792,Abelard,Downse,adownseew@unblog.fr
Ukraine,,Urzuf,,Rigney,27,Leigh,Buswell,lbuswellex@elegantthemes.com
Poland,,Brzozów,36-200,Gale,62,Tova,Matteo,tmatteoey@dell.com
Indonesia,,Banjar Teguan,,Spohn,4226,Monro,Rheubottom,mrheubottomez@hp.com
China,,Nanjie,,Sutteridge,60,Zacharia,Aldus,zaldusf0@myspace.com
Niger,,Zinder,,Sachtjen,2237,Trudy,Chiddy,tchiddyf1@themeforest.net
Syria,,Ţayyibat al Imām,,Hansons,04,Ottilie,Braghini,obraghinif2@vkontakte.ru
Costa Rica,,Paquera,60105,Sachs,9561,Kaiser,Sphinxe,ksphinxef3@nbcnews.com
China,,Hetian,,Center,58566,Delinda,Challin,dchallinf4@163.com
Madagascar,,Ampasimanolotra,,7th,33057,Alix,Empleton,aempletonf5@slideshare.net
United States,California,San Jose,95128,Graedel,55,Brandea,Edington,bedingtonf6@typepad.com
Indonesia,,Op,,Carey,1,Iolanthe,Langham,ilanghamf7@timesonline.co.uk
Philippines,,Binalbagan,4600,Wayridge,5681,Marrilee,Beneyto,mbeneytof8@bloglovin.com
China,,Chaodi,,Hanover,8736,Myrilla,Arp,marpf9@state.gov
Sweden,Örebro,Örebro,703 54,Ruskin,6,Harlan,Dye,hdyefa@angelfire.com
China,,Baishi,,Bellgrove,296,Vasilis,Demicoli,vdemicolifb@ezinearticles.com
United States,Illinois,Champaign,61825,Graedel,67,Sybyl,Farrier,sfarrierfc@ucla.edu
Nigeria,,Adani,,Forster,5,Mace,Eckersall,meckersallfd@cdc.gov
Zambia,,Kapiri Mposhi,,Oak,37,Hilary,Domesday,hdomesdayfe@posterous.com
Guatemala,,Zunilito,10009,Homewood,122,Willdon,Dowbekin,wdowbekinff@taobao.com
China,,Lianghu,,Harper,64,Briney,Lorentz,blorentzfg@forbes.com
Indonesia,,Karangsonojabon,,Little Fleur,87,Neille,Farrear,nfarrearfh@4shared.com
Kenya,,Muhoroni,,Judy,2,Kass,Beckhouse,kbeckhousefi@macromedia.com
Netherlands,Provincie Noord-Brabant,Bergen op Zoom,4609,Redwing,78901,Genevieve,Gillis,ggillisfj@over-blog.com
Russia,,Otradnaya,352292,2nd,5,Leonanie,Elgy,lelgyfk@nature.com
Macedonia,,Dolno Palčište,1219,Nova,100,Osbourne,Shill,oshillfl@japanpost.jp
Albania,,Novoselë,,Crowley,98783,Emanuel,Ioselev,eioselevfm@furl.net
Canada,Alberta,Viking,E4G,John Wall,6068,Brenda,Prahl,bprahlfn@tumblr.com
Uganda,,Kalangala,,Westridge,99836,Marc,Spirritt,mspirrittfo@weather.com
Argentina,,Libertador General San Martín,4514,Elgar,5353,Anastasie,Stenet,astenetfp@narod.ru
Grenada,,Saint David’s,,Rockefeller,1,Bryanty,Rosendale,brosendalefq@jigsy.com
Slovenia,,Koroška Bela,4274,Luster,4,Pauly,Yannoni,pyannonifr@vistaprint.com
China,,Nantian,,Quincy,05876,Deena,Barkess,dbarkessfs@tinypic.com
Indonesia,,Citasuk,,Stoughton,2,Matilda,Erskin,merskinft@sina.com.cn
Vietnam,,Thanh Ba,,Sage,278,Delmer,Dunley,ddunleyfu@apple.com
Pakistan,,Harnoli,42020,Merry,29,Hube,Petry,hpetryfv@edublogs.org
Poland,,Latowicz,05-334,Lakeland,9,Maressa,O'Luney,moluneyfw@altervista.org
Russia,,Zemlyansk,396943,Fieldstone,45821,Jobi,Carbry,jcarbryfx@usgs.gov
United States,New York,Brooklyn,11247,Eggendart,4638,Adriena,Tie,atiefy@reddit.com
China,,Zhaojia,,Ilene,24725,Merl,Blackaller,mblackallerfz@senate.gov
Germany,Hamburg,Hamburg Bramfeld,22179,Mcbride,037,Analiese,Otley,aotleyg0@vkontakte.ru
Poland,,Gręboszów,33-260,Hallows,35,Agneta,Woolerton,awoolertong1@fema.gov
Paraguay,,San Miguel,,Lunder,1,Scott,Skeemer,sskeemerg2@gizmodo.com
Israel,,Qiryat Shemona,,Atwood,306,Kassi,Pervew,kpervewg3@businesswire.com
Argentina,,El Calafate,9201,Bay,8710,Fons,Ducker,fduckerg4@mlb.com
Indonesia,,Lubukgadang,,Iowa,3802,Tonia,Methringham,tmethringhamg5@typepad.com
Indonesia,,Dalam,,Becker,53979,Walker,Breedy,wbreedyg6@exblog.jp
China,,Shicheng,,Canary,834,Earvin,Rippingale,erippingaleg7@google.com.br
Indonesia,,Mujur,,Talmadge,39,Lawrence,Abramamovh,labramamovhg8@wordpress.com
Poland,,Purda,11-030,Victoria,72140,Trista,Filintsev,tfilintsevg9@reuters.com
Serbia,,Gudurica,,3rd,9,Lee,Fairhead,lfairheadga@digg.com
Portugal,Porto,Longra,4620-280,Sommers,463,Ignace,Dennitts,idennittsgb@apple.com
Vietnam,,Minh Lương,,Melody,6,Shelby,Jendrassik,sjendrassikgc@yelp.com
Macedonia,,Kavadarci,1430,Susan,28,Cherida,Gilgryst,cgilgrystgd@so-net.ne.jp
Sweden,Stockholm,Norrtälje,761 43,Prairieview,77779,Robbie,Aspenlon,raspenlonge@stumbleupon.com
South Africa,,Phuthaditjhaba,9869,Buell,56453,Ashia,Jarmain,ajarmaingf@about.me
China,,Zhongchao,,Bonner,801,Mariquilla,Saxton,msaxtongg@dropbox.com
Brazil,,Indaiatuba,13330-000,Logan,5,Aloise,Cartmell,acartmellgh@github.com
Panama,,Río Alejandro,,Bowman,1943,Morgan,Duddridge,mduddridgegi@devhub.com
Colombia,,El Carmen,547079,Bonner,2,Palmer,Scrigmour,pscrigmourgj@amazon.de
Portugal,Setúbal,Santo Isidro,2985-105,Schlimgen,6030,Kane,Jevon,kjevongk@geocities.jp
China,,Duancun,,Nova,89150,Gibb,Blofeld,gblofeldgl@abc.net.au
Brazil,,Varginha,37000-000,Katie,04,Randi,Vittori,rvittorigm@ucla.edu
Japan,,Niitsu-honchō,959-1855,Continental,7,Arlene,Gillie,agilliegn@liveinternet.ru
Philippines,,Aliaga,3111,Bartelt,99060,Nikolia,Bottjer,nbottjergo@smh.com.au
Brazil,,Vigia,68780-000,Reinke,689,Demetre,Balcombe,dbalcombegp@ow.ly
Indonesia,,Sembalunbumbung,,Maple,41,Vinny,Harmstone,vharmstonegq@census.gov
Indonesia,,Secang Barat,,Dunning,50,Pandora,Twell,ptwellgr@printfriendly.com
Poland,,Sułoszowa,32-045,Paget,5515,Humberto,Hayworth,hhayworthgs@google.co.uk
Indonesia,,Bosen,,Merry,68,Griswold,Menichi,gmenichigt@unesco.org
China,,Fucheng,,Ohio,17,Miguelita,Losano,mlosanogu@netlog.com
China,,Xinjian,,Lake View,33,Man,Trytsman,mtrytsmangv@ox.ac.uk
Netherlands,Provincie Gelderland,Arnhem,6844,Rieder,26447,Carolann,Andrzejczak,candrzejczakgw@histats.com
Germany,Nordrhein-Westfalen,Bochum,44795,Butternut,673,Gallagher,Hamlet,ghamletgx@goo.ne.jp
Indonesia,,Oenaik,,Iowa,76,Sandra,Charrier,scharriergy@state.tx.us
Portugal,Leiria,Várzeas,2425-507,Summer Ridge,5,Manya,Lethabridge,mlethabridgegz@reddit.com
Philippines,,Mayapusi,1215,Barby,541,Timofei,Cary,tcaryh0@storify.com
Czech Republic,,Hřebeč,571 01,East,9,Cyndia,MacGillespie,cmacgillespieh1@imdb.com
Laos,,Muang Xay,,Kingsford,6021,Brannon,Comins,bcominsh2@deliciousdays.com
Indonesia,,Basen,,Grover,7,Sigmund,Dell Casa,sdellcasah3@zimbio.com
Russia,,Timiryazevskoye,634510,Arrowood,8462,Tish,Lenney,tlenneyh4@arstechnica.com
New Zealand,,Richmond,9840,Arrowood,4466,Jodee,Antonellini,jantonellinih5@1und1.de
Greece,,Agkathiá,,Meadow Ridge,350,Guillemette,Drife,gdrifeh6@ucsd.edu
China,,Longsha,,Vidon,5649,Winne,Arundel,warundelh7@histats.com
Denmark,Region Hovedstaden,Frederiksberg,1972,Merry,2132,Chester,Capaldi,ccapaldih8@oracle.com
Morocco,,Jorf,,Truax,9,Cesaro,Winthrop,cwinthroph9@bravesites.com
Russia,,Mel’nikovo,636132,Grover,699,Terrye,Klauber,tklauberha@seesaa.net
France,Île-de-France,La Courneuve,93126 CEDEX,South,536,Burch,Hoovart,bhoovarthb@census.gov
Serbia,,Ruma,,Anniversary,5704,Temple,Fifield,tfifieldhc@parallels.com
Philippines,,Igbaras,5029,Straubel,182,Blythe,Golley,bgolleyhd@eepurl.com
Brazil,,Elói Mendes,37110-000,Gulseth,4,Moishe,Bonellie,mbonelliehe@flavors.me
China,,Xiashixiang,,Scott,7344,Dare,Patley,dpatleyhf@vimeo.com
China,,Zhangbei,,Harper,53,Leoline,Overlow,loverlowhg@pinterest.com
Japan,,Ayabe,708-1104,Mifflin,500,Marga,Beades,mbeadeshh@nsw.gov.au
Czech Republic,,Město Libavá,783 06,Clyde Gallagher,307,Whit,Kibbee,wkibbeehi@gravatar.com
Peru,,Callahuanca,,Dixon,02,Cordie,Barme,cbarmehj@purevolume.com
Ivory Coast,,Dabou,,Anniversary,722,Dot,Karet,dkarethk@bloomberg.com
China,,Jiangxigou,,West,039,Leroi,Cartwright,lcartwrighthl@newyorker.com
Ireland,,Aughrim,V95,Fairview,5,Ellette,Antonovic,eantonovichm@feedburner.com
Moldova,,Rîbniţa,MD-5519,Hovde,42,Jo,Wildes,jwildeshn@blinklist.com
Indonesia,,Babat,,Acker,1867,Nannette,Rivilis,nrivilisho@tripadvisor.com
Philippines,,Anuling,4221,Erie,4,Eimile,Baggarley,ebaggarleyhp@wikia.com
China,,Huazhaizi,,Bobwhite,987,Hiram,Goodridge,hgoodridgehq@altervista.org
Poland,,Baranowo,06-320,Corben,897,Vere,Robard,vrobardhr@cnbc.com
Thailand,,Thung Song,80110,Gale,3,Erhart,Dowdell,edowdellhs@apple.com
China,,Hutou,,Hintze,23584,Olvan,Matchell,omatchellht@csmonitor.com
China,,Haoxinying,,Waubesa,30,Marieann,Phelit,mphelithu@weebly.com
China,,Qianshan,,Little Fleur,470,Janie,Memmory,jmemmoryhv@spotify.com
China,,Yuanjue,,Reinke,34,Natal,Smetoun,nsmetounhw@wix.com
United States,Tennessee,Memphis,38188,Duke,48,Dominga,Masterton,dmastertonhx@issuu.com
Russia,,Dugulubgey,361538,Summer Ridge,660,Carlita,Maffiotti,cmaffiottihy@plala.or.jp
Indonesia,,Pakis,,North,2446,Ardys,Klimes,aklimeshz@privacy.gov.au
China,,Hedi,,Caliangt,264,Inger,Duley,iduleyi0@guardian.co.uk
China,,Haiyanmiao,,Trailsway,15284,Scotti,O'Cannan,socannani1@themeforest.net
Portugal,Porto,Eido,4600-596,Buhler,01,Lucina,Klainman,lklainmani2@miitbeian.gov.cn
Spain,Galicia,Lugo,27294,Sheridan,1856,Gates,Weildish,gweildishi3@mozilla.com
Brazil,,Pomerode,89107-000,Rusk,2985,Jehanna,Tendahl,jtendahli4@elpais.com
South Africa,,Christiana,2680,Prentice,8418,Jules,Dudek,jdudeki5@nyu.edu
China,,Puqian,,Ramsey,253,Cordey,Ffoulkes,cffoulkesi6@ucla.edu
Vietnam,,Thị Trấn Mù Cang Chải,,Haas,46818,Hilde,Humbles,hhumblesi7@goodreads.com
Belarus,,Palykavichy Pyershyya,,Green,9375,Willdon,Clayworth,wclayworthi8@fc2.com
China,,Keyinhe,,Lyons,92,Tamarra,Applegate,tapplegatei9@dot.gov
Brazil,,Antonina,83370-000,Westerfield,27311,Essa,Dumbarton,edumbartonia@latimes.com
Palestinian Territory,,Khallat Ḩamāmah,,Prentice,71647,Tiphanie,Beaven,tbeavenib@wikispaces.com
Colombia,,Tunja,150009,Donald,1,Jasper,Rambadt,jrambadtic@nba.com
Vietnam,,Cai Doi Vam,,Stoughton,3,Catharine,Baigent,cbaigentid@gnu.org
Japan,,Kawanoechō,799-0412,Myrtle,33319,Ora,Tuvey,otuveyie@posterous.com
Indonesia,,Pagak Kulon,,Artisan,18600,Carine,Hourihan,chourihanif@marriott.com
Libya,,Mizdah,,Jay,5335,Aurie,Maudling,amaudlingig@bing.com
Sweden,Västernorrland,Örnsköldsvik,891 41,Hallows,8,Carrie,Weippert,cweippertih@yahoo.com
Brazil,,Araras,13600-000,Tony,10,Horace,Perry,hperryii@infoseek.co.jp
Russia,,Nartkala,361336,Clove,58762,Dorolisa,Joskowicz,djoskowiczij@cafepress.com
Azerbaijan,,Imishli,,Lukken,29,Christoper,Tomaschke,ctomaschkeik@tinyurl.com
China,,Youlongchuan,,Laurel,6,Rosabelle,Fillon,rfillonil@devhub.com
Philippines,,Conduaga,1084,Sutherland,92542,Luke,Dillon,ldillonim@newsvine.com
China,,Qianshan,,Erie,2,Bernadette,Collcutt,bcollcuttin@umn.edu
Ireland,,Enniskerry,D18,Debra,401,Jone,Rentz,jrentzio@sbwire.com
Turkmenistan,,Gowurdak,,Gina,1640,Vern,Alfonso,valfonsoip@usatoday.com
Croatia,,Dubrovnik,20000,Maywood,92292,Cassie,Lardnar,clardnariq@freewebs.com
Croatia,,Njivice,51512,Barby,676,Bart,Burtwell,bburtwellir@nature.com
France,Alsace,Saint-Louis,68309 CEDEX,Erie,98302,Lizabeth,Oddie,loddieis@tamu.edu
Yemen,,Matnah,,Wayridge,728,Chickie,Hablet,chabletit@surveymonkey.com
Poland,,Lasek,34-471,Killdeer,31016,Morley,Crumley,mcrumleyiu@cnbc.com
Russia,,Novoshakhtinsk,346930,Duke,27,Donielle,Christou,dchristouiv@mayoclinic.com
Azerbaijan,,Mardakyany,,Talmadge,979,Hartwell,Waistall,hwaistalliw@census.gov
Russia,,Smyshlyayevka,461990,Surrey,559,Shelley,Itzcovich,sitzcovichix@storify.com
Czech Republic,,Hostomice,417 52,Kings,392,Aubine,Clausewitz,aclausewitziy@china.com.cn
China,,Huantuo,,Green,6,Artemus,Creeboe,acreeboeiz@ox.ac.uk
Philippines,,Leon Postigo,6305,Mockingbird,5,Sampson,Milby,smilbyj0@smh.com.au
Portugal,Braga,Monte de Fralães,4775-174,Granby,07,Dianne,Pietasch,dpietaschj1@canalblog.com
China,,Yabuli,,Spaight,494,Torre,Rosson,trossonj2@nhs.uk
Portugal,Santarém,Alcanhões,2000-355,Fair Oaks,4,Zonda,Phythien,zphythienj3@altervista.org
Philippines,,Guiniculalay,2017,Warner,2,Misti,Precious,mpreciousj4@soup.io
Macedonia,,Желино,1228,Maple,3901,Everett,Dive,edivej5@wix.com
South Korea,,Gaigeturi,,Fuller,906,Renae,Guille,rguillej6@eepurl.com
Indonesia,,Tangkil,,Brentwood,945,Feliks,Fenne,ffennej7@comsenz.com
Nigeria,,Lafia,,Clove,79,Ursulina,Eggle,uegglej8@omniture.com
France,Île-de-France,Créteil,94039 CEDEX,Petterle,99899,Darryl,Guillot,dguillotj9@youtube.com
Kenya,,Keruguya,,Delaware,5,Sergio,Grushin,sgrushinja@nasa.gov
China,,Huaqiao,,Schurz,6,Katie,Beamson,kbeamsonjb@cisco.com
China,,Sihe,,Coleman,57506,Brandon,Cobbald,bcobbaldjc@huffingtonpost.com
China,,Sanhe,,Gina,50551,Dot,Cliffe,dcliffejd@theatlantic.com
Peru,,Asquipata,,Jenna,76465,Aldus,Christoffels,achristoffelsje@nps.gov
China,,Qingkou,,Crowley,1,Calida,Hallbord,challbordjf@elpais.com
Finland,,Tammela,31300,Barby,13035,Boote,Housbey,bhousbeyjg@de.vu
Poland,,Trzebnica,55-100,Summit,3,Trista,Shirt,tshirtjh@google.co.jp
Indonesia,,Karamat,,Holy Cross,0367,Dianne,Sazio,dsazioji@livejournal.com
Ukraine,,Prosyana,,Roxbury,648,Adara,Sommerland,asommerlandjj@buzzfeed.com
Russia,,Palkino,181280,Menomonie,7,Sharon,Rickasse,srickassejk@oaic.gov.au
Mexico,Puebla,Fovissste,75483,Esker,45850,Danna,Purdy,dpurdyjl@nps.gov
Uganda,,Kalungu,,Mesta,5,Killy,Stares,kstaresjm@elpais.com
Mozambique,,António Enes,,Rigney,08933,Aubrey,Shakesby,ashakesbyjn@reuters.com
Egypt,,Al Maţarīyah,,Saint Paul,131,Marika,Ferraro,mferrarojo@wiley.com
Panama,,Alto del Espino,,Dorton,631,Rey,Castro,rcastrojp@spotify.com
Indonesia,,Kopral,,Randy,80982,Quinlan,Siggin,qsigginjq@livejournal.com
Poland,,Krzczonów,32-435,Sundown,4070,Shawnee,Horwell,shorwelljr@chronoengine.com
Argentina,,Catriel,8307,Carpenter,9972,Sigrid,Kluger,sklugerjs@delicious.com
Afghanistan,,Chakaray,,Novick,89,Horten,MacGoun,hmacgounjt@wsj.com
Ukraine,,Komyshuvakha,,Warbler,9,Hortensia,Boden,hbodenju@tiny.cc
Brazil,,Penha,88385-000,Ryan,10735,Devan,Sebire,dsebirejv@businessweek.com
China,,Xinwo,,Little Fleur,240,Mireille,Rohan,mrohanjw@posterous.com
Malawi,,Dedza,,Prentice,9,Rianon,Bigby,rbigbyjx@google.co.uk
Poland,,Lwówek Śląski,59-601,Coolidge,25,Oby,Loudon,oloudonjy@msu.edu
China,,Lingbeizhou,,Ridgeway,5,Dorey,Bottby,dbottbyjz@wp.com
Ivory Coast,,Vavoua,,Blue Bill Park,3893,Gaylor,Pringer,gpringerk0@webs.com
Poland,,Wodzierady,98-105,Di Loreto,49794,Blake,Brocklebank,bbrocklebankk1@sakura.ne.jp
China,,Shaxi,,Utah,44,Mirelle,Starie,mstariek2@comcast.net
Slovenia,,Morje,2314,Manley,62339,Sherill,Karpeev,skarpeevk3@1688.com
Mongolia,,Sujji,,Paget,0946,Berkeley,Lestor,blestork4@jalbum.net
China,,Jiangkou,,Service,3997,Orson,Paddingdon,opaddingdonk5@shareasale.com
Sweden,Södermanland,Strängnäs,645 51,Crowley,6,Bancroft,Mulbry,bmulbryk6@toplist.cz
Russia,,Troitskoye,363704,Buell,37,Smith,Jimson,sjimsonk7@opera.com
China,,Shatian,,David,5106,Bria,Hearons,bhearonsk8@samsung.com
Philippines,,Mataya,9615,Utah,0,Aldin,Dubble,adubblek9@1688.com
China,,Yangji,,Pierstorff,718,Kattie,Carnegy,kcarnegyka@jimdo.com
United States,Arizona,Phoenix,85072,Randy,1263,Stearn,Spread,sspreadkb@mtv.com
China,,Taizi,,Warbler,9,Jeanine,Mereweather,jmereweatherkc@t.co
Peru,,Challas,,2nd,91,Enrique,Rabbitt,erabbittkd@un.org
Russia,,Shubenka,659410,Warbler,34108,Burg,Belly,bbellyke@mozilla.org
Chile,,Futaleufú,,Mcguire,197,Sharyl,Dyott,sdyottkf@reddit.com
Indonesia,,Dusun Desa Bunter,,Forest Dale,32,Ola,McGrudder,omcgrudderkg@cbc.ca
Portugal,Porto,Campos,4620-031,Bashford,647,Tobias,Tartt,ttarttkh@wikispaces.com
Japan,,Hatsukaichi,738-0013,Cascade,0,Mella,Winkett,mwinkettki@furl.net
France,Alsace,Altkirch,68134 CEDEX,Mesta,6409,Delora,Dufore,dduforekj@mayoclinic.com
Brazil,,Jundiaí,13200-000,Utah,48,Stanton,Perico,spericokk@yahoo.co.jp
Philippines,,Kitcharao,8609,Hoepker,37998,Linda,Lound,lloundkl@list-manage.com
Russia,,Askiz,655761,Johnson,175,Drusilla,Van Cassel,dvancasselkm@redcross.org
Sweden,Jämtland,Strömsund,833 24,Pierstorff,2873,Lona,MacManus,lmacmanuskn@arstechnica.com
Portugal,Braga,Alvito de São Pedro,4750-084,Petterle,9452,Zacharie,Prozillo,zprozilloko@hexun.com
Slovenia,,Divača,6215,Reinke,3273,Lucienne,Masi,lmasikp@devhub.com
Afghanistan,,Mazār-e Sharīf,,East,2,Carlynne,Plaster,cplasterkq@nature.com
Brazil,,Itatinga,18690-000,Esker,7971,Tiler,Blight,tblightkr@ehow.com
Ethiopia,,Hīrna,,Moland,9,Janice,Stanway,jstanwayks@harvard.edu
Indonesia,,Gesik,,Schurz,49,Inna,Fullagar,ifullagarkt@ow.ly
Russia,,Tayzhina,143814,Chinook,25,Brynn,Stott,bstottku@hostgator.com
Japan,,Fukushima-shi,969-1661,Ilene,24,Tabbatha,Eblein,tebleinkv@squidoo.com
Peru,,Aricapampa,,4th,21375,Saidee,Yitzowitz,syitzowitzkw@cdbaby.com
China,,Changlin,,Ludington,3,Rea,Yearron,ryearronkx@github.io
Luxembourg,,Berdorf,L-6562,Hooker,3493,Patty,Dunford,pdunfordky@unicef.org
Portugal,Leiria,Santa Catarina,2500-772,Cody,0161,Verna,Bride,vbridekz@loc.gov
Sweden,Västerbotten,Lycksele,921 41,Acker,539,Florina,Derell,fderelll0@shareasale.com
France,Nord-Pas-de-Calais,Roubaix,59100,Toban,916,Hortense,MacGiffin,hmacgiffinl1@mozilla.org
Indonesia,,Karangmelok,,Russell,8,Thatch,Sherratt,tsherrattl2@apache.org
China,,Songbai,,Warner,1497,Sarine,Babinski,sbabinskil3@mozilla.org
China,,Fengchuan,,Portage,53360,Guillermo,Broader,gbroaderl4@com.com
Czech Republic,,Havířov,717 00,Raven,3,Laryssa,Roggerone,lroggeronel5@usgs.gov
Indonesia,,Bendosari,,Marcy,78695,Royce,Petkovic,rpetkovicl6@wikia.com
Brazil,,Campo Grande,59680-000,Lukken,5546,Thelma,Cossington,tcossingtonl7@bing.com
France,Lorraine,Épinal,88020 CEDEX,Loftsgordon,720,Mady,Rosiello,mrosiellol8@clickbank.net
China,,Zhukeng,,Truax,8,Jamaal,Cranmer,jcranmerl9@com.com
New Caledonia,,Pouébo,98824,Johnson,26,Aloisia,Hakonsson,ahakonssonla@acquirethisname.com
Brazil,,Arcoverde,56500-000,Lighthouse Bay,9,Adam,Teliga,ateligalb@opensource.org
France,Nord-Pas-de-Calais,Wasquehal,59444 CEDEX,Morning,20,Kerk,Leefe,kleefelc@indiegogo.com
Madagascar,,Amparafaravola,,Pearson,9,Melessa,Klimpke,mklimpkeld@free.fr
China,,Qilong,,Westend,10237,Suellen,Lawleff,slawleffle@myspace.com
China,,Kuntong,,Graedel,13,Simonne,Pietruszka,spietruszkalf@xing.com
Moldova,,Drochia,MD-5233,Myrtle,69,Karil,Gallahar,kgallaharlg@facebook.com
Portugal,Braga,Gominhães,4800-424,Bultman,4,Clark,Thomassin,cthomassinlh@hhs.gov
Philippines,,Limbuhan,7203,Rutledge,653,Sonni,Acedo,sacedoli@craigslist.org
China,,Gangbian,,Park Meadow,58965,Veriee,Alenov,valenovlj@woothemes.com
China,,Fasi,,Eastlawn,68346,Toma,Hambrook,thambrooklk@amazon.de
Nigeria,,Keffi,,Ridgeway,7,Monty,Faucherand,mfaucherandll@jigsy.com
Armenia,,Kasakh,,Veith,391,Terrye,Godrich,tgodrichlm@vinaora.com
Ukraine,,Pidvynohradiv,,Lakewood Gardens,104,Chet,Beevor,cbeevorln@feedburner.com
Philippines,,Batal,3309,Moulton,8,Roi,Fowle,rfowlelo@arstechnica.com
Ukraine,,Komyshuvakha,,Red Cloud,16627,Sawyere,Blythin,sblythinlp@diigo.com
Malaysia,Terengganu,Kuala Terengganu,20551,Jenna,9735,Gusella,Luxen,gluxenlq@last.fm
Indonesia,,Dampol,,Stoughton,9181,Otes,Sarjent,osarjentlr@jalbum.net
Indonesia,,Pabuaran,,Jay,71,Zandra,Elderbrant,zelderbrantls@unc.edu
Indonesia,,Ketanggungan,,Mesta,6119,Briney,Kirstein,bkirsteinlt@techcrunch.com
Russia,,Obolensk,142279,Meadow Vale,1,Nelie,MacCroary,nmaccroarylu@ebay.co.uk
China,,Huilong,,Granby,8,Siegfried,Vyvyan,svyvyanlv@last.fm
Czech Republic,,Valdice,512 51,Ramsey,38357,Netti,Visco,nviscolw@plala.or.jp
Indonesia,,Kadubera,,Dakota,33294,Liane,Keneforde,lkenefordelx@g.co
Russia,,Tetyushi,422396,Vidon,66484,Ted,Close,tclosely@squidoo.com
China,,Fengshan,,Crescent Oaks,1,Marthe,Ferreiro,mferreirolz@uol.com.br
China,,Degan,,Basil,30614,Broderick,Wahncke,bwahnckem0@alibaba.com
China,,Tongle,,Dexter,75232,Craggie,Ashurst,cashurstm1@comsenz.com
China,,Jiang’an,,Golden Leaf,6894,Waldo,Maude,wmaudem2@jugem.jp
France,Franche-Comté,Lons-le-Saunier,39004 CEDEX,Fairview,21874,Octavia,Nancekivell,onancekivellm3@blogs.com
Indonesia,,Pamoyanan,,Di Loreto,16,Ivar,Exeter,iexeterm4@home.pl
Costa Rica,,Ciudad Cortés,60306,Karstens,88247,Claudianus,Ethelstone,cethelstonem5@cocolog-nifty.com
China,,Lianzhou,,Melrose,57,Trude,Chillcot,tchillcotm6@angelfire.com
Malaysia,Johor,Nusajaya,79632,Glendale,04,Richy,Patillo,rpatillom7@vimeo.com
United States,New York,New York City,10270,Ilene,1244,Starlin,Whittock,swhittockm8@amazon.com
Peru,,San Isidro,,Bunting,3,Scottie,Cuchey,scucheym9@cyberchimps.com
China,,Shuangfeng,,Dorton,440,Hilario,Cana,hcanama@bravesites.com
China,,Jieshi,,Badeau,8834,Zacharie,Poad,zpoadmb@xinhuanet.com
China,,Dagushan,,Eastwood,1676,Edythe,Baskeyfield,ebaskeyfieldmc@quantcast.com
Portugal,Ilha de São Miguel,Água de Pau,9560-205,Burning Wood,0,Kristian,Trevon,ktrevonmd@prlog.org
Brazil,,Itiruçu,45350-000,Packers,15,Lanna,Bassilashvili,lbassilashvilime@4shared.com
Peru,,Chugur,,Golf,2,Imojean,Terlinden,iterlindenmf@ifeng.com
"Bonaire, Saint Eustatius and Saba ",,Dorp Tera Kora,,Carey,3,Barby,Fraschetti,bfraschettimg@twitter.com
Sri Lanka,,Battaramulla South,10600,Farmco,22941,Lamar,Mylechreest,lmylechreestmh@shutterfly.com
China,,Dayuan,,Luster,08277,Jacky,Savine,jsavinemi@etsy.com
Estonia,,Suure-Jaani,,Menomonie,3313,Julius,Pettus,jpettusmj@ehow.com
Jamaica,,Easington,,Barby,884,Karmen,Dwerryhouse,kdwerryhousemk@dot.gov
Poland,,Lutowiska,38-713,Valley Edge,09095,Peggie,Myford,pmyfordml@ted.com
Russia,,Novoaltaysk,658089,Towne,0,Arliene,Putson,aputsonmm@blogger.com
Brazil,,Anastácio,79210-000,Corscot,098,Wylie,Cregin,wcreginmn@free.fr
China,,Camgyai,,Huxley,4,Hedvige,Pottle,hpottlemo@google.co.uk
Kiribati,,Banraeaba Village,,Corben,435,Jacinthe,Torre,jtorremp@cbsnews.com
Philippines,,Legaspi,4500,Nova,855,Emilee,Risley,erisleymq@histats.com
Indonesia,,Gayam,,Kennedy,30,Emilie,Borg,eborgmr@sogou.com
Indonesia,,Cijayana,,Hallows,0,Ann-marie,Clymo,aclymoms@nytimes.com
China,,Longchiqiao,,Anhalt,830,Gallagher,Ast,gastmt@hhs.gov
Tanzania,,Ngorongoro,,Golden Leaf,170,Claudius,McLeoid,cmcleoidmu@pagesperso-orange.fr
Greece,,Agía Paraskeví,,Hoffman,106,Jeffy,Romanet,jromanetmv@newsvine.com
United States,Virginia,Hampton,23663,Leroy,38,Arnold,Elintune,aelintunemw@virginia.edu
Myanmar,,Myitkyina,,Heffernan,5236,Hildegarde,Lindmark,hlindmarkmx@stanford.edu
Greece,,Magoúla,,Melrose,2651,Nataniel,Claige,nclaigemy@nbcnews.com
Indonesia,,Sidowayah Lor,,Mosinee,89,Jonis,Pendrid,jpendridmz@barnesandnoble.com
Ivory Coast,,Dimbokro,,East,944,Phelia,Wyness,pwynessn0@salon.com
Indonesia,,Cilolongokan,,Eggendart,166,Marty,Madgwick,mmadgwickn1@twitter.com
Poland,,Psary,42-580,Scott,55908,Laura,Taffarello,ltaffarellon2@infoseek.co.jp
Argentina,,Villa Mercedes,5461,Amoth,03,Melesa,Confort,mconfortn3@t-online.de
China,,Dahuang,,Melody,1509,Pearce,Haruard,pharuardn4@berkeley.edu
Israel,,Kafr Miṣr,,Lien,8049,Fairleigh,Stump,fstumpn5@engadget.com
Haiti,,Gros Morne,,Pawling,2,Odele,Brashier,obrashiern6@unesco.org
Greece,,Aiánteio,,Bay,719,Sheffie,Carnilian,scarniliann7@vistaprint.com
Azerbaijan,,Ağdam,,Harper,9,Leonhard,Franseco,lfransecon8@g.co
China,,Chaoyang,,Meadow Vale,8524,Sharity,Dawltrey,sdawltreyn9@free.fr
Indonesia,,Sepulu,,Oriole,02,Vilhelmina,Banasik,vbanasikna@timesonline.co.uk
Italy,Lazio,Roma,00163,Blackbird,513,Sheridan,Jozefiak,sjozefiaknb@hexun.com
Portugal,Santarém,Parreira,2140-514,Morningstar,00,Bobby,Buffin,bbuffinnc@mtv.com
Thailand,,Nong Khai,48130,Stephen,591,Thayne,Strahan,tstrahannd@ebay.com
Brazil,,Lago da Pedra,65715-000,Sunfield,664,Washington,Beinke,wbeinkene@acquirethisname.com
China,,Bayan Huxu,,Elka,4799,Lilia,MacAirt,lmacairtnf@over-blog.com
Peru,,Capacmarca,,Havey,7938,Veronique,Danels,vdanelsng@pen.io
United States,New York,Brooklyn,11254,Hollow Ridge,7,Winslow,Pennycord,wpennycordnh@jimdo.com
Colombia,,Mogotes,682509,Westport,21120,Terry,Racher,tracherni@nature.com
Philippines,,Tiwi,4513,Havey,2,Winnie,McKechnie,wmckechnienj@usatoday.com
Japan,,Shiraoi,455-0054,Gateway,1,Stanford,Akrigg,sakriggnk@oracle.com
Azerbaijan,,Kyurdarmir,,Portage,925,Logan,Seiler,lseilernl@example.com
United States,Indiana,Indianapolis,46295,Farmco,414,Courtnay,Laird-Craig,clairdcraignm@cornell.edu
Canada,Ontario,Timmins,P4P,Judy,76471,Petunia,Uccelli,puccellinn@merriam-webster.com
Zambia,,Senanga,,Pankratz,1,Burnard,Lorimer,blorimerno@homestead.com
Russia,,Pyatovskiy,249903,Kedzie,246,Waldo,Kinnen,wkinnennp@addtoany.com
Czech Republic,,Zbiroh,338 08,Lake View,12,Phil,Petriello,ppetriellonq@prnewswire.com
China,,Beihe,,Haas,427,Robinett,Manuel,rmanuelnr@prweb.com
Portugal,Castelo Branco,Alcaria,6230-026,Heath,3159,Inness,Hayward,ihaywardns@amazonaws.com
Vietnam,,Phú Mỹ,,Marquette,501,Jedediah,Bawdon,jbawdonnt@moonfruit.com
Peru,,Lima Pampa,,Scott,2,Christan,Fewkes,cfewkesnu@dailymotion.com
Russia,,Sevsk,242456,Mallard,808,Harlin,Lamplough,hlamploughnv@stanford.edu
Indonesia,,Cibangun Tengah,,Dexter,3,Kristina,Gilffilland,kgilffillandnw@posterous.com
China,,Dahe,,Meadow Vale,58,Brand,Bergeon,bbergeonnx@salon.com
Ukraine,,Zalishchyky,,Hansons,9382,Olimpia,Rist,oristny@fema.gov
Cape Verde,,Vila de Sal Rei,,Farmco,99959,Flin,Mounsie,fmounsienz@cloudflare.com
Sweden,Västra Götaland,Alingsås,441 38,Superior,15,Ninetta,Furze,nfurzeo0@google.pl
Indonesia,,Sinjai,,Arizona,4,Emory,Hargraves,ehargraveso1@themeforest.net
Sweden,Skåne,Helsingborg,256 55,Crest Line,66,Rozella,Kinkade,rkinkadeo2@disqus.com
Ukraine,,Sosnytsya,,Burrows,5053,Yoshi,Brookes,ybrookeso3@mail.ru
China,,Hujigou,,Main,0,Desirae,Nerval,dnervalo4@house.gov
Indonesia,,Bangelan,,Pawling,66,Kessiah,Hickenbottom,khickenbottomo5@last.fm
Brazil,,Corumbá,79300-000,Rockefeller,735,Sylvester,Dimitrijevic,sdimitrijevico6@wordpress.org
Poland,,Chłapowo,84-120,Granby,320,Niels,Mattusevich,nmattusevicho7@mozilla.com
Russia,,Khasavyurt,368044,Northridge,4,Binny,Miliffe,bmiliffeo8@indiatimes.com
China,,Wendengying,,Corscot,035,Saunders,Murrigans,smurriganso9@domainmarket.com
Peru,,Singa,,Thierer,87897,Pegeen,Shapira,pshapiraoa@oaic.gov.au
Indonesia,,Urug,,Bellgrove,5,Jackie,Poulter,jpoulterob@tumblr.com
Canada,Québec,Daveluyville,R3P,Lakewood Gardens,47422,Eleen,De Dantesie,ededantesieoc@uiuc.edu
Croatia,,Hrvatska Kostajnica,44430,Forster,9,Fiona,McGarva,fmcgarvaod@4shared.com
Indonesia,,Ngromo,,Cardinal,82359,Derril,Trematick,dtrematickoe@techcrunch.com
China,,Qingyang,,Jenna,2746,Marian,Lendon,mlendonof@weibo.com
China,,Liuzhuang,,Sloan,0,Octavius,Winnister,owinnisterog@pcworld.com
Philippines,,Ronda,6034,Hansons,1617,Bibbie,Swaffield,bswaffieldoh@europa.eu
Czech Republic,,Kladruby,503 51,Fremont,0903,Derick,Sarfat,dsarfatoi@ycombinator.com
China,,Rinbung,,Mitchell,6,Debor,Wainscoat,dwainscoatoj@jiathis.com
Uzbekistan,,Qo’ng’irot Shahri,,Londonderry,2545,Kean,Lubbock,klubbockok@cornell.edu
Philippines,,Tucdao,6547,Bunker Hill,2634,Nikolos,Barwis,nbarwisol@jalbum.net
Netherlands,Provincie Utrecht,Utrecht (stad),3530,Harper,64438,Marybelle,Cordelet,mcordeletom@soundcloud.com
Zimbabwe,,Victoria Falls,,Maryland,644,Lanni,Gerard,lgerardon@slideshare.net
China,,Shanyang,,Mandrake,90,Veronica,Dalglish,vdalglishoo@nytimes.com
Indonesia,,Mehona,,Jay,1192,Adria,Guitonneau,aguitonneauop@instagram.com
China,,Yong’an,,Anniversary,4382,Tedra,Poleykett,tpoleykettoq@nationalgeographic.com
Estonia,,Rakvere,,Loomis,7,Tallie,Gilston,tgilstonor@cyberchimps.com
Ethiopia,,Lalībela,,Londonderry,4934,Suzanne,Tarrant,starrantos@networksolutions.com
Ukraine,,Baryshivka,,Moland,827,Taddeo,Vallery,tvalleryot@technorati.com
Thailand,,Nong Bun Nak,42130,Di Loreto,8063,Craig,Nuton,cnutonou@ovh.net
Malaysia,Perak,Ipoh,30554,Sommers,8844,Karil,Sarfass,ksarfassov@biblegateway.com
Paraguay,,Nueva Italia,,Delladonna,47036,Donny,Digweed,ddigweedow@wiley.com
France,Île-de-France,Paris La Défense,92056 CEDEX,Helena,927,Hagan,Ingrey,hingreyox@prweb.com
Sweden,Västra Götaland,Vårgårda,447 93,Morning,70930,Guy,Wegenen,gwegenenoy@adobe.com
Indonesia,,Kekeran,,Clove,33,Eziechiele,Joskowitz,ejoskowitzoz@elpais.com
Guadeloupe,Guadeloupe,Pointe-à-Pitre,97019 CEDEX,Fairview,85,Lisette,Lygo,llygop0@admin.ch
China,,Gubo,,Kipling,9,Othilia,Tottman,otottmanp1@goodreads.com
Philippines,,San Roque,6415,Crowley,7,Jeanelle,Santino,jsantinop2@mapquest.com
Poland,,Budzów,34-211,Chinook,621,Killy,Andreopolos,kandreopolosp3@statcounter.com
South Korea,,Yangju,,Thackeray,6,Amelia,O'Geneay,aogeneayp4@thetimes.co.uk
Afghanistan,,Sangar Sarāy,,Tennessee,75,Carr,Gynni,cgynnip5@163.com
Czech Republic,,Žatec,588 62,Vahlen,3191,Penelopa,Turle,pturlep6@unblog.fr
Sweden,Uppsala,Uppsala,753 14,Sundown,56,Rodrick,Shapter,rshapterp7@usatoday.com
East Timor,,Lospalos,,Trailsway,07231,Allyn,Kinghorne,akinghornep8@cdbaby.com
Ukraine,,Khotiv,,Debs,85407,Edwina,Nightingale,enightingalep9@t-online.de
China,,Jinzao,,Warbler,12894,Gerhard,Fermoy,gfermoypa@desdev.cn
Ukraine,,Murovanoye,,Mccormick,54393,Netti,Ungerechts,nungerechtspb@nsw.gov.au
Ukraine,,Verblyany,,Center,243,Jewelle,Clarycott,jclarycottpc@sun.com
Kyrgyzstan,,Toktogul,,Sage,68,Cortie,Hurle,churlepd@ucoz.com
Kazakhstan,,Khantaghy,,Red Cloud,21361,Orv,Anfosso,oanfossope@cocolog-nifty.com
Philippines,,Totolan,6346,Dexter,8152,Mellie,Rossi,mrossipf@guardian.co.uk
United Arab Emirates,,Abu Dhabi,,Randy,8045,Lishe,Tingle,ltinglepg@tripadvisor.com
Indonesia,,Bulusari,,Nova,5866,Cad,Bozier,cbozierph@stumbleupon.com
Armenia,,Kapan,,Atwood,88,Jayson,Pether,jpetherpi@narod.ru
Peru,,Iberia,,Colorado,13622,Tiphanie,MacNelly,tmacnellypj@soup.io
Chad,,Bardaï,,Stuart,60,Clarine,Yashanov,cyashanovpk@bloglovin.com
Philippines,,San Juan de Mata,6131,Transport,6,Sarine,Nichol,snicholpl@barnesandnoble.com
Serbia,,Adorjan,,Tony,12432,Marga,Nannoni,mnannonipm@paginegialle.it
China,,Nagqu,,1st,60737,Eileen,Spier,espierpn@cnet.com
Peru,,Canta,,Melrose,09118,Janie,Maylour,jmaylourpo@china.com.cn
Macedonia,,Pirok,1214,Toban,5,Giustina,Crees,gcreespp@deliciousdays.com
China,,Yinjiang,,Petterle,71253,Sebastien,Hammell,shammellpq@unblog.fr
China,,Hezhi,,Carioca,337,Oona,Beton,obetonpr@bandcamp.com
Finland,,Pyhäntä,92930,Schmedeman,4,Coop,Gerok,cgerokps@uiuc.edu
China,,Fuling,,Tomscot,54,Peria,Hallewell,phallewellpt@qq.com
China,,Huage,,Gerald,337,Fletcher,Boxell,fboxellpu@netscape.com
Philippines,,Feliciano,5610,Nova,03,Meghan,Earpe,mearpepv@histats.com
Portugal,Leiria,Serra D'El Rei,2525-805,Derek,723,Natalya,Galton,ngaltonpw@mail.ru
Finland,,Saari,59511,Bunting,0,Ileane,Neiland,ineilandpx@github.io
Bangladesh,,Sirājganj,5611,Hanover,417,Boot,Reddish,breddishpy@rakuten.co.jp
Greece,,Arkhaía Kórinthos,,Dawn,49,Rachele,Whiterod,rwhiterodpz@1und1.de
United States,South Carolina,Spartanburg,29305,Drewry,14200,Meredeth,Stonehewer,mstonehewerq0@usatoday.com
United States,Maryland,Hagerstown,21747,Towne,57,Dulcine,Wyleman,dwylemanq1@oracle.com
Iran,,Īlām,,Prentice,82253,Wadsworth,Bigby,wbigbyq2@army.mil
Philippines,,Alangilanan,2420,2nd,1,Cherin,Rentelll,crentelllq3@gov.uk
China,,Hangzhou,,Lakeland,6,Nedi,Cobbald,ncobbaldq4@1und1.de
Indonesia,,Pasirjaya,,Forest,46432,Deeanne,Fettiplace,dfettiplaceq5@tinyurl.com
Indonesia,,Kampungruweh,,Corscot,57,Berny,Fowley,bfowleyq6@technorati.com
Portugal,Leiria,Póvoa,2460-402,Mcguire,47641,Tiffi,Roberds,troberdsq7@parallels.com
Guatemala,,Champerico,11007,Hudson,7,Patric,Bruckstein,pbrucksteinq8@cbsnews.com
Greece,,Sourotí,,Green,868,Rodrique,Eliassen,reliassenq9@cnet.com
Burkina Faso,,Fada N'gourma,,Clarendon,4860,Helga,Freemantle,hfreemantleqa@youku.com
Japan,,Masuda,999-8201,Forest Dale,87,Lonee,Arpino,larpinoqb@upenn.edu
Russia,,Moshenskoye,174450,Kings,04,Merrielle,Vidgeon,mvidgeonqc@reddit.com
Czech Republic,,Studenec,675 02,Heath,380,Leo,Darridon,ldarridonqd@prweb.com
Zambia,,Mwense,,Center,48161,Chelsey,Babbidge,cbabbidgeqe@ning.com
Russia,,Spitsevka,356254,Shelley,43808,Teirtza,Hedges,thedgesqf@microsoft.com
Peru,,Cotabambas,,Dawn,0,Dicky,Hugett,dhugettqg@yelp.com
Indonesia,,Pontang Tengah,,Evergreen,00,Lyndel,Dumbare,ldumbareqh@boston.com
Australia,South Australia,Adelaide,5839,Bellgrove,0,Gilda,Lewsley,glewsleyqi@discuz.net
Poland,,Sępopol,11-210,Blaine,141,Alis,Jekyll,ajekyllqj@ameblo.jp
Ireland,,Tullyallen,E25,Gale,11891,Pedro,Smeall,psmeallqk@yahoo.co.jp
China,,Gantang,,Hoard,6958,Cobb,Bouldstridge,cbouldstridgeql@wikipedia.org
Poland,,Walichnowy,85-056,Parkside,3,Katharina,Goody,kgoodyqm@123-reg.co.uk
Morocco,,Smimou,,Thackeray,200,Elene,Batrip,ebatripqn@webeden.co.uk
Myanmar,,Pakokku,,Fordem,6573,Shurlocke,Bodycote,sbodycoteqo@homestead.com
China,,Huakoulongtan,,Oak Valley,87,Althea,Claypole,aclaypoleqp@etsy.com
Portugal,Braga,Balazar,4805-005,Jenifer,878,Edith,Achurch,eachurchqq@google.com.hk
Philippines,,Bulu,5101,John Wall,2,Horatius,Daldan,hdaldanqr@goodreads.com
Russia,,Iznoski,658476,Johnson,05,Ilene,Ecles,ieclesqs@berkeley.edu
France,Bretagne,Guingamp,22204 CEDEX,Eggendart,7,Killian,Godier,kgodierqt@ovh.net
Azerbaijan,,Sabunçu,,Bobwhite,59397,Chan,Allery,calleryqu@pagesperso-orange.fr
China,,Qingyuan,,Rieder,6781,Sancho,Chicchelli,schicchelliqv@shinystat.com
Greece,,Thessaloníki,,Rutledge,1,Sabina,Furtado,sfurtadoqw@google.co.uk
Russia,,Zheleznogorsk-Ilimskiy,665654,Kropf,2,Risa,Keough,rkeoughqx@yelp.com
Sweden,Västra Götaland,Angered,424 31,Westridge,1,Chaunce,Veldstra,cveldstraqy@wix.com
South Africa,,Kokstad,4710,Brentwood,53,Heriberto,Sang,hsangqz@github.io
Argentina,,Caseros,3262,Forest Dale,075,Zonnya,Lanmeid,zlanmeidr0@mtv.com
Philippines,,Magallon Cadre,6132,Everett,1843,Cathie,Archibould,carchibouldr1@amazon.co.jp
Vietnam,,Doug An,,3rd,3,Reginald,Jacobowitz,rjacobowitzr2@list-manage.com
Macedonia,,Gostivar,1230,Center,966,Scottie,Buss,sbussr3@last.fm
Sweden,Norrbotten,Piteå,944 73,Pond,7,Ruby,Fance,rfancer4@whitehouse.gov
Portugal,Faro,Quarteira,8125-012,Laurel,7,Rossy,Speek,rspeekr5@wikia.com
Brazil,,Piedade,18170-000,Marcy,6506,Perren,Gunton,pguntonr6@quantcast.com
China,,Mabai,,Independence,2,Adan,Sambath,asambathr7@opensource.org
Pakistan,,Hāfizābād,52111,Anhalt,35,Michal,Tithacott,mtithacottr8@1und1.de
Israel,,Gedera,,Melrose,16552,Eugen,Adamo,eadamor9@sogou.com
Vietnam,,Dầu Tiếng,,Sachtjen,437,Nichols,Gabbitus,ngabbitusra@cbc.ca
Peru,,Julcamarca,,Tennessee,93072,Alfie,Eam,aeamrb@home.pl
Italy,Lombardia,Milano,20147,Tony,49521,Jilly,Grishelyov,jgrishelyovrc@dropbox.com
Georgia,,Qvareli,,Cody,55727,Sherman,Franchyonok,sfranchyonokrd@mac.com
Indonesia,,Pamupukan,,Weeping Birch,972,Jory,Spreag,jspreagre@amazon.co.uk
Armenia,,Hovtashen,,Clove,70138,Chelsae,Vear,cvearrf@craigslist.org
Poland,,Brudzew,62-720,Northwestern,00,Alon,Tighe,atigherg@plala.or.jp
China,,Dongfeng,,Melby,5917,Melissa,Shambrooke,mshambrookerh@timesonline.co.uk
Sweden,Västmanland,Västerås,724 68,Almo,48507,Giffer,Gebhard,ggebhardri@behance.net
Sweden,Dalarna,Mora,792 52,John Wall,9314,Homere,Boggas,hboggasrj@canalblog.com
Kazakhstan,,Akkol’,,Ronald Regan,1,Joice,Raddin,jraddinrk@hubpages.com
China,,Xilu,,Del Sol,23,Pris,Arrighi,parrighirl@tamu.edu
Indonesia,,Plumbon,,Rigney,0,Izak,Vergine,iverginerm@theglobeandmail.com
Nigeria,,Nnewi,,Raven,2,Bonnie,McGilbon,bmcgilbonrn@ftc.gov
Brazil,,Charqueadas,96745-000,Eggendart,86,Stepha,Lorraway,slorrawayro@baidu.com
Nicaragua,,El Sauce,,Northview,383,Karrie,Baiden,kbaidenrp@devhub.com
Niger,,Mayahi,,Crownhardt,81466,Wendy,Brixey,wbrixeyrq@blogspot.com
Russia,,Zhulebino,140074,Stoughton,22,Elberta,Tomowicz,etomowiczrr@t.co
